variedad;descripcion;id_unidad_medida_presentacion;frecuencia_real;unidad_nombre;total_alimento;pct_del_alimento
0;;;4;;6;66.667
0;;63.0;1;Lata;6;16.667
0;;99.0;1;;6;16.667
1;PANES;;1117;;1373;81.355
1;PANES;56.0;205;Funda;1373;14.931
1;PANES;117.0;46;Viga;1373;3.35
1;PANES;8.0;2;Paquete;1373;0.146
1;PANES;21.0;1;Botellón;1373;0.073
1;PANES;57.0;1;Galón;1373;0.073
1;PANES;93.0;1;Rebanada;1373;0.073
2;GALLETAS DULCES;8.0;353;Paquete;741;47.638
2;GALLETAS DULCES;;353;;741;47.638
2;GALLETAS DULCES;56.0;20;Funda;741;2.699
2;GALLETAS DULCES;98.0;7;Sobre;741;0.945
2;GALLETAS DULCES;23.0;4;Caja;741;0.54
2;GALLETAS DULCES;21.0;1;Botellón;741;0.135
2;GALLETAS DULCES;63.0;1;Lata;741;0.135
2;GALLETAS DULCES;87.0;1;Pote;741;0.135
2;GALLETAS DULCES;91.0;1;Racimo;741;0.135
3;GALLETAS SALADAS;8.0;593;Paquete;1274;46.546
3;GALLETAS SALADAS;;550;;1274;43.171
3;GALLETAS SALADAS;23.0;90;Caja;1274;7.064
3;GALLETAS SALADAS;56.0;39;Funda;1274;3.061
3;GALLETAS SALADAS;21.0;1;Botellón;1274;0.078
3;GALLETAS SALADAS;31.0;1;Cartón;1274;0.078
4;HARÍNA DE MAÍZ;56.0;1524;Funda;1685;90.445
4;HARÍNA DE MAÍZ;;149;;1685;8.843
4;HARÍNA DE MAÍZ;8.0;9;Paquete;1685;0.534
4;HARÍNA DE MAÍZ;23.0;2;Caja;1685;0.119
4;HARÍNA DE MAÍZ;98.0;1;Sobre;1685;0.059
5;AVENA;56.0;1621;Funda;2438;66.489
5;AVENA;;648;;2438;26.579
5;AVENA;8.0;87;Paquete;2438;3.568
5;AVENA;98.0;72;Sobre;2438;2.953
5;AVENA;23.0;4;Caja;2438;0.164
5;AVENA;87.0;3;Pote;2438;0.123
5;AVENA;57.0;1;Galón;2438;0.041
5;AVENA;63.0;1;Lata;2438;0.041
5;AVENA;105.0;1;Tarro;2438;0.041
6;FIEDOS O SPAGUETTIS (PASTAS);;1077;;2840;37.923
6;FIEDOS O SPAGUETTIS (PASTAS);56.0;995;Funda;2840;35.035
6;FIEDOS O SPAGUETTIS (PASTAS);8.0;755;Paquete;2840;26.585
6;FIEDOS O SPAGUETTIS (PASTAS);23.0;9;Caja;2840;0.317
6;FIEDOS O SPAGUETTIS (PASTAS);98.0;4;Sobre;2840;0.141
7;ARROZ;;4454;;4639;96.012
7;ARROZ;56.0;108;Funda;4639;2.328
7;ARROZ;97.0;61;Saco;4639;1.315
7;ARROZ;8.0;16;Paquete;4639;0.345
8;CARNE DE RES;;521;;545;95.596
8;CARNE DE RES;8.0;24;Paquete;545;4.404
9;POLLO;;851;;917;92.803
9;POLLO;8.0;60;Paquete;917;6.543
9;POLLO;56.0;3;Funda;917;0.327
9;POLLO;1.0;1;Unidad;917;0.109
9;POLLO;25.0;1;Cajita;917;0.109
9;POLLO;63.0;1;Lata;917;0.109
10;CARNE DE CERDO;;569;;595;95.63
10;CARNE DE CERDO;8.0;26;Paquete;595;4.37
11;PESCADO;;334;;365;91.507
11;PESCADO;8.0;31;Paquete;365;8.493
12;MARISCOS;;64;;79;81.013
12;MARISCOS;8.0;14;Paquete;79;17.722
12;MARISCOS;23.0;1;Caja;79;1.266
13;LECHE LÍQUIDA;31.0;1207;Cartón;1913;63.095
13;LECHE LÍQUIDA;;229;;1913;11.971
13;LECHE LÍQUIDA;87.0;161;Pote;1913;8.416
13;LECHE LÍQUIDA;63.0;149;Lata;1913;7.789
13;LECHE LÍQUIDA;23.0;100;Caja;1913;5.227
13;LECHE LÍQUIDA;20.0;28;Botella;1913;1.464
13;LECHE LÍQUIDA;57.0;19;Galón;1913;0.993
13;LECHE LÍQUIDA;55.0;12;Frasco;1913;0.627
13;LECHE LÍQUIDA;25.0;3;Cajita;1913;0.157
13;LECHE LÍQUIDA;60.0;3;Jarro;1913;0.157
13;LECHE LÍQUIDA;8.0;1;Paquete;1913;0.052
13;LECHE LÍQUIDA;56.0;1;Funda;1913;0.052
14;LECHE EN POLVO;63.0;611;Lata;1550;39.419
14;LECHE EN POLVO;56.0;436;Funda;1550;28.129
14;LECHE EN POLVO;;350;;1550;22.581
14;LECHE EN POLVO;98.0;143;Sobre;1550;9.226
14;LECHE EN POLVO;8.0;7;Paquete;1550;0.452
14;LECHE EN POLVO;23.0;2;Caja;1550;0.129
14;LECHE EN POLVO;1.0;1;Unidad;1550;0.065
15;HUEVOS;;2638;;2732;96.559
15;HUEVOS;31.0;93;Cartón;2732;3.404
15;HUEVOS;23.0;1;Caja;2732;0.037
16;ACEITE;57.0;3369;Galón;4937;68.24
16;ACEITE;;833;;4937;16.873
16;ACEITE;20.0;327;Botella;4937;6.623
16;ACEITE;87.0;313;Pote;4937;6.34
16;ACEITE;56.0;57;Funda;4937;1.155
16;ACEITE;98.0;22;Sobre;4937;0.446
16;ACEITE;31.0;6;Cartón;4937;0.122
16;ACEITE;63.0;5;Lata;4937;0.101
16;ACEITE;7.0;3;Litro;4937;0.061
16;ACEITE;21.0;1;Botellón;4937;0.02
16;ACEITE;52.0;1;Docena;4937;0.02
17;MANTEQUILLA;105.0;1245;Tarro;1556;80.013
17;MANTEQUILLA;;205;;1556;13.175
17;MANTEQUILLA;55.0;29;Frasco;1556;1.864
17;MANTEQUILLA;14.0;23;Barrita;1556;1.478
17;MANTEQUILLA;48.0;17;Cubo;1556;1.093
17;MANTEQUILLA;87.0;8;Pote;1556;0.514
17;MANTEQUILLA;98.0;8;Sobre;1556;0.514
17;MANTEQUILLA;25.0;7;Cajita;1556;0.45
17;MANTEQUILLA;57.0;7;Galón;1556;0.45
17;MANTEQUILLA;60.0;4;Jarro;1556;0.257
17;MANTEQUILLA;63.0;2;Lata;1556;0.129
17;MANTEQUILLA;23.0;1;Caja;1556;0.064
18;SALAMI;;1641;;1850;88.703
18;SALAMI;81.0;185;Pieza;1850;10.0
18;SALAMI;80.0;14;;1850;0.757
18;SALAMI;79.0;4;Pedazo;1850;0.216
18;SALAMI;1.0;2;Unidad;1850;0.108
18;SALAMI;2.0;1;Libra;1850;0.054
18;SALAMI;105.0;1;Tarro;1850;0.054
18;SALAMI;111.0;1;Trozo;1850;0.054
18;SALAMI;113.0;1;;1850;0.054
19;SARDINAS EN AGUA;63.0;308;Lata;351;87.749
19;SARDINAS EN AGUA;;43;;351;12.251
20;SARDINAS EN ACEITE;63.0;444;Lata;476;93.277
20;SARDINAS EN ACEITE;;32;;476;6.723
21;PICA PICA;63.0;434;Lata;468;92.735
21;PICA PICA;;34;;468;7.265
22;ATÚN EN AGUA;63.0;388;Lata;435;89.195
22;ATÚN EN AGUA;;44;;435;10.115
22;ATÚN EN AGUA;23.0;1;Caja;435;0.23
22;ATÚN EN AGUA;31.0;1;Cartón;435;0.23
22;ATÚN EN AGUA;87.0;1;Pote;435;0.23
23;ATÚN EN ACEITE;63.0;407;Lata;467;87.152
23;ATÚN EN ACEITE;;60;;467;12.848
24;PLÁTANO VERDE;;1831;;1837;99.673
24;PLÁTANO VERDE;91.0;5;Racimo;1837;0.272
24;PLÁTANO VERDE;90.0;1;Quintal;1837;0.054
25;GUINEITO VERDE;;1506;;1522;98.949
25;GUINEITO VERDE;91.0;12;Racimo;1522;0.788
25;GUINEITO VERDE;66.0;4;Mano;1522;0.263
26;PAPAS;;1195;;1217;98.192
26;PAPAS;56.0;14;Funda;1217;1.15
26;PAPAS;8.0;7;Paquete;1217;0.575
26;PAPAS;91.0;1;Racimo;1217;0.082
27;HABICHUELAS SUELTAS;;2255;;2484;90.781
27;HABICHUELAS SUELTAS;56.0;179;Funda;2484;7.206
27;HABICHUELAS SUELTAS;8.0;47;Paquete;2484;1.892
27;HABICHUELAS SUELTAS;63.0;1;Lata;2484;0.04
27;HABICHUELAS SUELTAS;97.0;1;Saco;2484;0.04
27;HABICHUELAS SUELTAS;105.0;1;Tarro;2484;0.04
28;HABICHUELAS ENLATADAS;63.0;568;Lata;701;81.027
28;HABICHUELAS ENLATADAS;;133;;701;18.973
29;AZUCARES;;3949;;4186;94.338
29;AZUCARES;56.0;196;Funda;4186;4.682
29;AZUCARES;8.0;41;Paquete;4186;0.979
30;CHOCOLATE O COCOA;;386;;1602;24.095
30;CHOCOLATE O COCOA;87.0;290;Pote;1602;18.102
30;CHOCOLATE O COCOA;99.0;271;;1602;16.916
30;CHOCOLATE O COCOA;23.0;248;Caja;1602;15.481
30;CHOCOLATE O COCOA;98.0;157;Sobre;1602;9.8
30;CHOCOLATE O COCOA;56.0;122;Funda;1602;7.615
30;CHOCOLATE O COCOA;105.0;56;Tarro;1602;3.496
30;CHOCOLATE O COCOA;25.0;30;Cajita;1602;1.873
30;CHOCOLATE O COCOA;8.0;16;Paquete;1602;0.999
30;CHOCOLATE O COCOA;14.0;16;Barrita;1602;0.999
30;CHOCOLATE O COCOA;55.0;5;Frasco;1602;0.312
30;CHOCOLATE O COCOA;20.0;2;Botella;1602;0.125
30;CHOCOLATE O COCOA;63.0;2;Lata;1602;0.125
30;CHOCOLATE O COCOA;31.0;1;Cartón;1602;0.062
31;;;11;;23;47.826
31;;23.0;4;Caja;23;17.391
31;;1.0;1;Unidad;23;4.348
31;;8.0;1;Paquete;23;4.348
31;;25.0;1;Cajita;23;4.348
31;;47.0;1;;23;4.348
31;;56.0;1;Funda;23;4.348
31;;63.0;1;Lata;23;4.348
31;;87.0;1;Pote;23;4.348
31;;98.0;1;Sobre;23;4.348
32;;;7;;10;70.0
32;;21.0;1;Botellón;10;10.0
32;;56.0;1;Funda;10;10.0
32;;63.0;1;Lata;10;10.0
33;;;2;;4;50.0
33;;8.0;1;Paquete;4;25.0
33;;56.0;1;Funda;4;25.0
34;;;1;;1;100.0
35;;;1;;1;100.0
45;;;1;;1;100.0
47;;;1;;1;100.0
50;;56.0;1;Funda;1;100.0
56;;1.0;2;Unidad;5;40.0
56;;56.0;2;Funda;5;40.0
56;;3.0;1;Gramos;5;20.0
57;;1.0;1;Unidad;1;100.0
63;;1.0;3;Unidad;3;100.0
69;;56.0;2;Funda;2;100.0
73;;97.0;1;Saco;1;100.0
87;;87.0;1;Pote;1;100.0
89;;;1;;1;100.0
