"tipo";"producto";"marca";"lectura_lb";"unidades";"unidad_pesada";"g_por_unidad";"observacion";"cargado_al_pipeline";"fotos";"fecha";"nota_metodo"
"pesaje";"Plátano verde";"";2.3;5;"unidad";209;"";"si";"platano_verde02.jpg";"2026-10-04";"Un establecimiento, un día. La balanza marca libras; pendiente de comprobar con un peso conocido."
"pesaje";"Plátano maduro";"";2.2;5;"unidad";200;"";"si";"platano_maduro01.jpg";"2026-10-04";"Un establecimiento, un día. La balanza marca libras; pendiente de comprobar con un peso conocido."
"pesaje";"Guineo verde";"";1.96;5;"unidad";178;"";"si";"guineo_verde02.jpg";"2026-10-04";"Un establecimiento, un día. La balanza marca libras; pendiente de comprobar con un peso conocido."
"pesaje";"Guineo maduro";"";1.54;5;"unidad";140;"";"si";"guineo_maduro01.jpg";"2026-10-04";"Un establecimiento, un día. La balanza marca libras; pendiente de comprobar con un peso conocido."
"pesaje";"Aguacate";"";5.12;5;"unidad";464;"";"si";"aguacate01.jpg";"2026-10-04";"Un establecimiento, un día. La balanza marca libras; pendiente de comprobar con un peso conocido."
"pesaje";"Tomate bugalú";"";1.4;5;"unidad";127;"";"si";"pendiente de recorte";"2026-10-04";"Un establecimiento, un día. La balanza marca libras; pendiente de comprobar con un peso conocido."
"pesaje";"Naranja agria";"";1.2;5;"unidad";109;"";"si";"naranja_agria01.jpg";"2026-10-04";"Un establecimiento, un día. La balanza marca libras; pendiente de comprobar con un peso conocido."
"pesaje";"Ají gustoso";"";0.4;5;"paquete";36;"La encuesta registra ajíes sueltos; falta el número de ajíes por paquete.";"no";"aji_gustoso01.jpg";"2026-10-04";"Un establecimiento, un día. La balanza marca libras; pendiente de comprobar con un peso conocido."
"pesaje";"Apio";"";5.12;5;"paquete";464;"La encuesta registra tallo, atado y ramita; falta el peso de un tallo.";"no";"apio01.jpg";"2026-10-04";"Un establecimiento, un día. La balanza marca libras; pendiente de comprobar con un peso conocido."
"pesaje";"Ají cubanela";"";1.44;5;"unidad";131;"Pesaje del 2026-09-09. Corrige el factor de 288 g, calculado con la lectura en kilogramos.";"si";"aji_cubanela02.jpg";"2026-09-09";"Un establecimiento, un día. La balanza marca libras; pendiente de comprobar con un peso conocido."
"etiqueta";"Azúcar refino";"Líder";;;"";;"No declara vitamina A; ingrediente único: azúcar. Única marca disponible en el establecimiento.";"";"azucar_lider01.jpg; azucar_lider02.jpg; azucar_lider03.jpg";"2026-10-04";"Un establecimiento, un día. La balanza marca libras; pendiente de comprobar con un peso conocido."
"etiqueta";"Harina de maíz";"Líder";;;"";;"Declara fortificación con hierro, vitaminas A, B1, B2, B6 y E, ácido fólico, ácido pantoténico y niacina.";"";"harina_maiz_lider01.jpg; harina_maiz_lider02.jpg";"2026-10-04";"Un establecimiento, un día. La balanza marca libras; pendiente de comprobar con un peso conocido."
"etiqueta";"Harina de trigo";"Líder";;;"";;"Enriquecida con hierro, tiamina, riboflavina, niacina y ácido fólico. Sin vitamina A.";"";"harina_trigo_lider01.jpg; harina_trigo_lider02.jpg";"2026-10-04";"Un establecimiento, un día. La balanza marca libras; pendiente de comprobar con un peso conocido."
"etiqueta";"Sal refinada";"Líder";;;"";;"Yodada y fluorada; declara yodo 20-50 ppm y flúor 200-250 ppm.";"";"sal_lider01.jpg; sal_lider02.jpg";"2026-10-04";"Un establecimiento, un día. La balanza marca libras; pendiente de comprobar con un peso conocido."
"etiqueta";"Sal";"Linda";;;"";;"Yodada y fluorada, según observación en el establecimiento. Etiqueta por transcribir.";"";"sal_linda01.jpg; sal_linda02.jpg";"2026-10-04";"Un establecimiento, un día. La balanza marca libras; pendiente de comprobar con un peso conocido."
"etiqueta";"Sal";"Refisal";;;"";;"Yodada y fluorada, según observación en el establecimiento. Etiqueta por transcribir.";"";"sal_refisal01.jpg; sal_refisal02.jpg";"2026-10-04";"Un establecimiento, un día. La balanza marca libras; pendiente de comprobar con un peso conocido."
"etiqueta";"Arroz";"Bisonó";;;"";;"Fortificado con B1, B3, B6, B12, ácido fólico, zinc y hierro.";"";"arroz_bisono01.jpg; arroz_bisono02.jpg";"2026-10-04";"Un establecimiento, un día. La balanza marca libras; pendiente de comprobar con un peso conocido."
"etiqueta";"Arroz";"Campos";;;"";;"Se vende como fortificado; la tabla nutricional declara hierro y zinc. Niveles por transcribir.";"";"arroz_campos01.jpg; arroz_campos02.jpg; arroz_campos03.jpg";"2026-10-04";"Un establecimiento, un día. La balanza marca libras; pendiente de comprobar con un peso conocido."
"etiqueta";"Arroz selecto";"Líder";;;"";;"Etiqueta por transcribir.";"";"arroz_selecto_lider01.jpg; arroz_selecto_lider02.jpg";"2026-10-04";"Un establecimiento, un día. La balanza marca libras; pendiente de comprobar con un peso conocido."
"etiqueta";"Avena integral";"Quaker";;;"";;"Declara 15 mg de hierro por porción de 40 g con hojuelas de avena como único ingrediente: inconsistencia por aclarar.";"";"avena_quaker01.jpg; avena_quaker02.jpg";"2026-10-04";"Un establecimiento, un día. La balanza marca libras; pendiente de comprobar con un peso conocido."
"etiqueta";"Avena instantánea";"Líder";;;"";;"Sin fortificación declarada.";"";"avena_lider01.jpg; avena_lider02.jpg";"2026-10-04";"Un establecimiento, un día. La balanza marca libras; pendiente de comprobar con un peso conocido."
"etiqueta";"Avena en hojuelas";"Avena Americana";;;"";;"Sin fortificación declarada. Etiqueta por transcribir.";"";"avena_americana01.jpg; avena_americana02.jpg; avena_americana03.jpg";"2026-10-04";"Un establecimiento, un día. La balanza marca libras; pendiente de comprobar con un peso conocido."
"etiqueta";"Caldo de gallina en tabletas";"Doña Gallina";;;"";;"Ingrediente ""Sal"", sin indicar si es yodada. Sodio: 520 mg por cuarto de tableta (2,75 g). Fabricante: Quala Dominicana.";"";"caldo_dona_gallina01.jpg; caldo_dona_gallina02.jpg; caldo_dona_gallina03.jpg; caldo_dona_gallina04.jpg";"2026-10-04";"Un establecimiento, un día. La balanza marca libras; pendiente de comprobar con un peso conocido."
