id_variedad;descripcion;id_unidad_medida_presentacion;frecuencia_real;n_usable;FC_propuesto;p25;p75;dispersión_relativa;confianza;nota_revision
569;Caldo de pollo (Sopita Concentrada);47.0;15939;15938;11.0;11.0;11.0;0.0;ALTA_CONFIANZA;
545;Pasta de tomate(**);98.0;11229;11223;56.7;56.7;57.0;0.01;ALTA_CONFIANZA;
581;Café molido;98.0;7574;7571;28.3;28.3;28.4;0.0;ALTA_CONFIANZA;
588;Refrescos;20.0;6525;6524;453.6;400.0;1000.0;1.32;CONFIANZA_MEDIA_variacion_mercado;Reclasificado: n>=30 y rango <=40x, consistente con variedad real de tamaños comerciales (mismo criterio aplicado en Sec2).
552;Sazón en polvo;98.0;5118;5118;9.0;9.0;10.0;0.11;ALTA_CONFIANZA;
293;Aceite de soya;87.0;3940;3926;117.5;113.4;235.0;1.04;CONFIANZA_MEDIA_variacion_mercado;Reclasificado: n>=30 y rango <=40x, consistente con variedad real de tamaños comerciales (mismo criterio aplicado en Sec2).
588;Refrescos;87.0;2886;2885;400.0;400.0;1000.0;1.5;CONFIANZA_MEDIA_variacion_mercado;Reclasificado: n>=30 y rango <=40x, consistente con variedad real de tamaños comerciales (mismo criterio aplicado en Sec2).
243;Leche entera liquida con UHT;31.0;2884;2883;1000.0;453.6;1000.0;0.55;CONFIANZA_MEDIA_variacion_mercado;
23;Galletas saladas;8.0;2773;2729;34.0;34.0;36.0;0.06;ALTA_CONFIANZA;
293;Aceite de soya;98.0;2597;2584;113.4;113.4;113.4;0.0;ALTA_CONFIANZA;
254;Leche evaporada;63.0;2537;2537;315.0;245.0;315.0;0.22;ALTA_CONFIANZA;
586;Chocolate en barra;99.0;2057;2055;26.0;26.0;26.0;0.0;ALTA_CONFIANZA;
610;Jugo envasado de naranja;31.0;2017;2017;453.6;283.5;907.2;1.38;CONFIANZA_MEDIA_variacion_mercado;Reclasificado: n>=30 y rango <=40x, consistente con variedad real de tamaños comerciales (mismo criterio aplicado en Sec2).
649;Malta;20.0;1868;1866;355.0;340.2;355.0;0.04;ALTA_CONFIANZA;
620;Jugo de frutas en polvo;98.0;1680;1680;25.0;25.0;30.0;0.2;ALTA_CONFIANZA;
553;Sazón líquido;98.0;1493;1493;40.0;40.0;40.0;0.0;ALTA_CONFIANZA;
237;Sardinas en salsa de tomate;63.0;1311;1310;425.0;215.0;425.2;0.49;CONFIANZA_MEDIA_variacion_mercado;
594;Agua purificada (Dasani, Planeta Azul y similares);20.0;1219;1218;479.1;453.6;500.0;0.1;ALTA_CONFIANZA;
554;Vinagre dorado;87.0;1167;1138;113.4;56.7;226.8;1.5;CONFIANZA_MEDIA_variacion_mercado;Reclasificado: n>=30 y rango <=40x, consistente con variedad real de tamaños comerciales (mismo criterio aplicado en Sec2).
587;Cocoa y chocolate en polvo;98.0;1064;1056;28.3;25.0;28.3;0.12;ALTA_CONFIANZA;
569;Caldo de pollo (Sopita Concentrada);48.0;1059;1059;11.0;11.0;11.0;0.0;ALTA_CONFIANZA;
447;Maíz enlatado;63.0;935;935;325.0;226.8;425.2;0.61;CONFIANZA_MEDIA_variacion_mercado;
2;Pan sobado;56.0;924;192;45.0;45.0;45.0;0.0;ALTA_CONFIANZA;
523;Canela en astilla;98.0;909;356;14.2;5.7;28.3;1.6;CONFIANZA_MEDIA_variacion_mercado;Reclasificado: n>=30 y rango <=40x, consistente con variedad real de tamaños comerciales (mismo criterio aplicado en Sec2).
439;Guandules verdes en lata;63.0;888;888;425.2;368.5;425.2;0.13;ALTA_CONFIANZA;
303;Margarina;98.0;877;866;40.0;40.0;40.0;0.0;ALTA_CONFIANZA;
293;Aceite de soya;20.0;798;798;226.8;118.0;453.6;1.48;CONFIANZA_MEDIA_variacion_mercado;Reclasificado: n>=30 y rango <=40x, consistente con variedad real de tamaños comerciales (mismo criterio aplicado en Sec2).
611;Jugo envasado de pera;31.0;777;777;200.0;200.0;453.6;1.27;CONFIANZA_MEDIA_variacion_mercado;Reclasificado: n>=30 y rango <=40x, consistente con variedad real de tamaños comerciales (mismo criterio aplicado en Sec2).
20;Galletas dulces;8.0;736;711;36.0;30.0;48.0;0.5;CONFIANZA_MEDIA_variacion_mercado;
56;Harinas de maíz;56.0;724;724;396.9;396.9;397.0;0.0;ALTA_CONFIANZA;
19;Galletas de soda;8.0;720;720;33.5;30.0;33.5;0.1;ALTA_CONFIANZA;
579;Snacks y picaderas de todo tipo (excepto papitas fritas);56.0;718;718;25.0;18.0;27.0;0.36;CONFIANZA_MEDIA_variacion_mercado;
645;Cerveza clara;20.0;703;703;650.0;623.7;650.0;0.04;ALTA_CONFIANZA;
545;Pasta de tomate(**);63.0;641;641;227.0;144.6;800.0;2.89;CONFIANZA_MEDIA_variacion_mercado;Reclasificado: n>=30 y rango <=40x, consistente con variedad real de tamaños comerciales (mismo criterio aplicado en Sec2).
541;Mayonesa;98.0;512;511;30.0;30.0;40.0;0.33;CONFIANZA_MEDIA_variacion_mercado;
71;Avena en hojuela o entera;98.0;504;497;50.0;48.2;100.0;1.04;CONFIANZA_MEDIA_variacion_mercado;Reclasificado: n>=30 y rango <=40x, consistente con variedad real de tamaños comerciales (mismo criterio aplicado en Sec2).
457;Papas fritas (snack y picaderas);56.0;482;481;27.0;26.0;27.0;0.04;ALTA_CONFIANZA;
506;Sal molida refinada;56.0;446;446;453.6;453.6;454.0;0.0;ALTA_CONFIANZA;
569;Caldo de pollo (Sopita Concentrada);99.0;416;416;11.0;11.0;11.0;0.0;ALTA_CONFIANZA;
594;Agua purificada (Dasani, Planeta Azul y similares);87.0;388;388;453.6;453.6;453.6;0.0;ALTA_CONFIANZA;
608;Jugo envasado de manzana;31.0;386;386;200.0;200.0;453.6;1.27;CONFIANZA_MEDIA_variacion_mercado;Reclasificado: n>=30 y rango <=40x, consistente con variedad real de tamaños comerciales (mismo criterio aplicado en Sec2).
4919;Leche líquida con chocolate;31.0;344;344;255.0;200.0;453.6;0.99;CONFIANZA_MEDIA_variacion_mercado;
1;Pan de agua;56.0;333;4;45.0;45.0;45.0;0.0;ALTA_CONFIANZA;
552;Sazón en polvo;87.0;330;330;200.0;192.5;300.0;0.54;CONFIANZA_MEDIA_variacion_mercado;
410;Ajo;22.0;302;98;28.3;28.3;28.3;0.0;ALTA_CONFIANZA;
71;Avena en hojuela o entera;56.0;301;301;400.0;50.0;650.0;1.5;CONFIANZA_MEDIA_variacion_mercado;Reclasificado: n>=30 y rango <=40x, consistente con variedad real de tamaños comerciales (mismo criterio aplicado en Sec2).
243;Leche entera liquida con UHT;87.0;298;298;1000.0;1000.0;1000.0;0.0;ALTA_CONFIANZA;
66;Arroz selecto;56.0;293;293;907.2;453.6;4535.9;4.5;CONFIANZA_MEDIA_variacion_mercado;Reclasificado: n>=30 y rango <=40x, consistente con variedad real de tamaños comerciales (mismo criterio aplicado en Sec2).
571;Sopa instantánea (sopa china);98.0;283;283;65.0;60.0;85.0;0.38;CONFIANZA_MEDIA_variacion_mercado;
88;Spaghetti;56.0;280;280;400.0;400.0;453.6;0.13;ALTA_CONFIANZA;
432;Ensalada cruda (Varias hortalizas);56.0;274;25;453.6;453.6;453.6;0.0;ALTA_CONFIANZA;
254;Leche evaporada;31.0;271;271;315.0;265.0;350.0;0.27;ALTA_CONFIANZA;
610;Jugo envasado de naranja;87.0;269;269;355.0;226.8;453.6;0.64;CONFIANZA_MEDIA_variacion_mercado;
536;Ajo en pasta;98.0;262;262;25.0;25.0;25.0;0.0;ALTA_CONFIANZA;
2473;Azafrán;98.0;255;255;9.0;9.0;12.0;0.33;CONFIANZA_MEDIA_variacion_mercado;
534;Orégano;98.0;252;74;28.3;5.0;28.3;0.82;CONFIANZA_MEDIA_variacion_mercado;
573;Compota;87.0;248;247;113.0;113.0;113.0;0.0;ALTA_CONFIANZA;
5752;Caldo de pollo en polvo;98.0;247;247;10.0;9.0;11.0;0.2;ALTA_CONFIANZA;
527;Malagueta;98.0;245;110;20.0;10.0;28.3;0.92;CONFIANZA_MEDIA_variacion_mercado;
581;Café molido;8.0;244;244;226.8;226.8;453.6;1.0;CONFIANZA_MEDIA_variacion_mercado;
616;Jugo envasado de coctel de frutas (fruit punch);31.0;243;243;226.8;200.0;453.6;1.12;CONFIANZA_MEDIA_variacion_mercado;Reclasificado: n>=30 y rango <=40x, consistente con variedad real de tamaños comerciales (mismo criterio aplicado en Sec2).
2551;Guandules con coco;63.0;235;235;425.0;288.8;425.2;0.32;CONFIANZA_MEDIA_variacion_mercado;
243;Leche entera liquida con UHT;23.0;230;230;1000.0;480.0;1000.0;0.52;CONFIANZA_MEDIA_variacion_mercado;
275;Yogurt bebible saborizado;87.0;230;230;226.8;226.8;250.0;0.1;ALTA_CONFIANZA;
569;Caldo de pollo (Sopita Concentrada);23.0;228;203;11.0;11.0;11.0;0.0;ALTA_CONFIANZA;
542;Kétchup;98.0;221;221;57.0;56.0;57.0;0.02;ALTA_CONFIANZA;
293;Aceite de soya;33.0;220;215;175.0;175.0;175.0;0.0;ALTA_CONFIANZA;
251;Leche en polvo entera;98.0;218;218;125.0;125.0;254.9;1.04;CONFIANZA_MEDIA_variacion_mercado;Reclasificado: n>=30 y rango <=40x, consistente con variedad real de tamaños comerciales (mismo criterio aplicado en Sec2).
88;Spaghetti;8.0;215;215;400.0;400.0;453.6;0.13;ALTA_CONFIANZA;
609;Jugo envasado de melocotón;31.0;215;215;250.0;200.0;1000.0;3.2;CONFIANZA_MEDIA_variacion_mercado;Reclasificado: n>=30 y rango <=40x, consistente con variedad real de tamaños comerciales (mismo criterio aplicado en Sec2).
532;Pimienta en polvo;98.0;213;81;9.0;5.7;28.3;2.52;CONFIANZA_MEDIA_variacion_mercado;Reclasificado: n>=30 y rango <=40x, consistente con variedad real de tamaños comerciales (mismo criterio aplicado en Sec2).
594;Agua purificada (Dasani, Planeta Azul y similares);56.0;209;196;226.8;226.8;250.0;0.1;ALTA_CONFIANZA;
541;Mayonesa;87.0;203;203;425.2;226.8;453.6;0.53;CONFIANZA_MEDIA_variacion_mercado;
235;Sardinas en aceite;63.0;190;190;125.0;106.3;179.8;0.59;CONFIANZA_MEDIA_variacion_mercado;
553;Sazón líquido;87.0;185;185;439.4;439.4;440.0;0.0;ALTA_CONFIANZA;
652;Cigarrillos con filtro;24.0;183;0;;;;;SIN_EVIDENCIA;
4915;Atún en trozo en aceite;63.0;182;182;142.0;141.7;170.1;0.2;ALTA_CONFIANZA;
5692;Té frio en polvo;98.0;171;171;30.0;30.0;30.0;0.0;ALTA_CONFIANZA;
303;Margarina;105.0;160;160;425.0;227.0;453.6;0.53;CONFIANZA_MEDIA_variacion_mercado;
581;Café molido;56.0;153;153;226.8;28.3;226.8;0.88;CONFIANZA_MEDIA_variacion_mercado;
565;Vainilla blanca;87.0;146;135;113.4;85.0;141.7;0.5;CONFIANZA_MEDIA_variacion_mercado;
610;Jugo envasado de naranja;20.0;144;144;355.0;226.8;453.6;0.64;CONFIANZA_MEDIA_variacion_mercado;
535;Orégano en polvo;98.0;141;139;28.3;10.0;30.0;0.71;CONFIANZA_MEDIA_variacion_mercado;
21;Galletas integrales;8.0;140;139;68.0;34.5;68.0;0.49;CONFIANZA_MEDIA_variacion_mercado;
496;Hielo industrializado;56.0;137;41;226.8;226.8;2268.0;9.0;CONFIANZA_MEDIA_variacion_mercado;Reclasificado: n>=30 y rango <=40x, consistente con variedad real de tamaños comerciales (mismo criterio aplicado en Sec2).
610;Jugo envasado de naranja;23.0;135;135;453.6;226.8;907.2;1.5;CONFIANZA_MEDIA_variacion_mercado;Reclasificado: n>=30 y rango <=40x, consistente con variedad real de tamaños comerciales (mismo criterio aplicado en Sec2).
282;Leche de coco;63.0;133;133;297.7;226.8;425.2;0.67;CONFIANZA_MEDIA_variacion_mercado;
525;Clavo dulce;98.0;130;57;28.3;8.0;28.3;0.72;CONFIANZA_MEDIA_variacion_mercado;
611;Jugo envasado de pera;63.0;129;129;297.7;297.7;300.0;0.01;ALTA_CONFIANZA;
66;Arroz selecto;97.0;127;127;11339.8;11339.8;22679.6;1.0;CONFIANZA_MEDIA_variacion_mercado;
87;Fideos;56.0;118;118;400.0;350.0;453.6;0.26;ALTA_CONFIANZA;
592;Bebidas hidratantes (Gatorade, Powerade y similares);87.0;115;114;600.0;600.0;600.0;0.0;ALTA_CONFIANZA;
247;Leche descremada liquida con UHT;31.0;110;110;1000.0;958.2;1000.0;0.04;ALTA_CONFIANZA;
288;Huevos de granja (gallina);31.0;106;0;;;;;SIN_EVIDENCIA;
573;Compota;98.0;103;103;113.0;113.0;113.4;0.0;ALTA_CONFIANZA;
76;Corn Flakes (incluye rice flakes, cereales de chocolates, frutas y demás);56.0;103;101;220.0;34.0;490.0;2.07;CONFIANZA_MEDIA_variacion_mercado;Reclasificado: n>=30 y rango <=40x, consistente con variedad real de tamaños comerciales (mismo criterio aplicado en Sec2).
506;Sal molida refinada;98.0;102;102;453.6;453.6;453.6;0.0;ALTA_CONFIANZA;
435;Alcaparrado (aceitunas y alcaparras);98.0;101;47;28.3;28.3;56.7;1.0;CONFIANZA_MEDIA_variacion_mercado;
622;Ron extra añejo (extra viejo y similares);20.0;92;92;362.5;350.0;700.0;0.97;CONFIANZA_MEDIA_variacion_mercado;
506;Sal molida refinada;87.0;92;92;510.0;507.5;510.0;0.0;ALTA_CONFIANZA;
251;Leche en polvo entera;56.0;92;92;800.0;360.0;1500.0;1.42;CONFIANZA_MEDIA_variacion_mercado;Reclasificado: n>=30 y rango <=40x, consistente con variedad real de tamaños comerciales (mismo criterio aplicado en Sec2).
255;Leche condensada;63.0;90;90;185.0;185.0;188.2;0.02;ALTA_CONFIANZA;
307;Mantequilla;98.0;90;90;40.0;40.0;40.0;0.0;ALTA_CONFIANZA;
565;Vainilla blanca;98.0;89;65;85.0;56.7;113.4;0.67;CONFIANZA_MEDIA_variacion_mercado;
23;Galletas saladas;56.0;88;77;34.0;32.0;40.0;0.24;ALTA_CONFIANZA;
277;Yogurt bebible natural;87.0;88;88;250.0;226.8;283.5;0.23;ALTA_CONFIANZA;
3506;Bizcocho envasado de vainilla;56.0;88;81;35.0;28.0;40.0;0.34;CONFIANZA_MEDIA_variacion_mercado;
259;Suplementos alimenticios (Ensure y similares);87.0;87;87;226.8;226.8;237.0;0.04;ALTA_CONFIANZA;
355;Maní tostado;56.0;86;86;18.0;18.0;18.0;0.0;ALTA_CONFIANZA;
23;Galletas saladas;98.0;82;71;34.0;34.0;36.0;0.06;ALTA_CONFIANZA;
650;Extracto de malta;20.0;81;81;383.0;355.0;385.0;0.08;ALTA_CONFIANZA;
569;Caldo de pollo (Sopita Concentrada);98.0;79;79;11.0;10.0;13.0;0.27;ALTA_CONFIANZA;
623;Ron añejo;20.0;78;78;451.8;350.0;700.0;0.77;CONFIANZA_MEDIA_variacion_mercado;
459;Azúcar morena;56.0;78;78;1587.6;907.2;2268.0;0.86;CONFIANZA_MEDIA_variacion_mercado;
625;Ron dorado;20.0;78;78;350.0;350.0;353.8;0.01;ALTA_CONFIANZA;
649;Malta;87.0;78;78;226.8;226.8;355.0;0.57;CONFIANZA_MEDIA_variacion_mercado;
443;Habichuelas rojas enlatadas;63.0;77;77;425.2;425.2;453.6;0.07;ALTA_CONFIANZA;
579;Snacks y picaderas de todo tipo (excepto papitas fritas);98.0;77;77;25.0;14.0;50.0;1.44;CONFIANZA_MEDIA_variacion_mercado;Reclasificado: n>=30 y rango <=40x, consistente con variedad real de tamaños comerciales (mismo criterio aplicado en Sec2).
542;Kétchup;87.0;76;76;392.0;340.2;396.9;0.14;ALTA_CONFIANZA;
658;Picadura de tabaco;98.0;75;50;18.0;18.0;18.0;0.0;ALTA_CONFIANZA;
501;Paletas, mentas;56.0;74;73;3.0;3.0;5.0;0.67;CONFIANZA_MEDIA_variacion_mercado;
19;Galletas de soda;23.0;73;73;33.5;30.0;33.5;0.1;ALTA_CONFIANZA;
546;Salsa china;98.0;73;73;28.3;9.0;56.7;1.68;CONFIANZA_MEDIA_variacion_mercado;Reclasificado: n>=30 y rango <=40x, consistente con variedad real de tamaños comerciales (mismo criterio aplicado en Sec2).
640;Vino moscatel (La Fuerza y similares);20.0;73;73;700.0;350.0;750.0;0.57;CONFIANZA_MEDIA_variacion_mercado;
3021;Leche evaporada con sabor a queso;63.0;73;73;310.0;145.0;315.0;0.55;CONFIANZA_MEDIA_variacion_mercado;
86;Coditos;56.0;72;72;400.0;400.0;453.6;0.13;ALTA_CONFIANZA;
297;Aceite de oliva;98.0;71;67;30.0;30.0;98.5;2.28;CONFIANZA_MEDIA_variacion_mercado;Reclasificado: n>=30 y rango <=40x, consistente con variedad real de tamaños comerciales (mismo criterio aplicado en Sec2).
21;Galletas integrales;56.0;71;68;68.0;68.0;68.0;0.0;ALTA_CONFIANZA;
256;Leches reforzadas con hierro y minerales (fórmula infantil),;63.0;70;70;800.0;400.0;900.0;0.62;CONFIANZA_MEDIA_variacion_mercado;
242;Leche fresca o cruda de vaca;20.0;69;69;1000.0;1000.0;1000.0;0.0;ALTA_CONFIANZA;
185;Salchichas tipo Viena;63.0;69;69;141.7;141.7;150.0;0.06;ALTA_CONFIANZA;
67;Arroz corriente;56.0;68;68;2268.0;907.2;4535.9;1.6;CONFIANZA_MEDIA_variacion_mercado;Reclasificado: n>=30 y rango <=40x, consistente con variedad real de tamaños comerciales (mismo criterio aplicado en Sec2).
256;Leches reforzadas con hierro y minerales (fórmula infantil),;98.0;67;67;360.0;120.0;360.0;0.67;CONFIANZA_MEDIA_variacion_mercado;
20;Galletas dulces;56.0;67;63;40.0;30.0;59.0;0.72;CONFIANZA_MEDIA_variacion_mercado;
433;Aceitunas verdes con semillas;98.0;66;29;28.3;28.3;56.7;1.0;CONFIANZA_MEDIA_variacion_mercado;
4461;Pasa deshidratada;23.0;66;66;28.4;28.3;250.0;7.82;CONFIANZA_MEDIA_variacion_mercado;Reclasificado: n>=30 y rango <=40x, consistente con variedad real de tamaños comerciales (mismo criterio aplicado en Sec2).
293;Aceite de soya;56.0;65;65;113.4;113.4;114.0;0.01;ALTA_CONFIANZA;
592;Bebidas hidratantes (Gatorade, Powerade y similares);20.0;64;64;600.0;567.0;600.0;0.06;ALTA_CONFIANZA;
554;Vinagre dorado;98.0;64;47;56.7;56.7;113.4;1.0;CONFIANZA_MEDIA_variacion_mercado;
3809;Macarroni & Cheese;23.0;63;63;206.0;205.5;206.0;0.0;ALTA_CONFIANZA;
76;Corn Flakes (incluye rice flakes, cereales de chocolates, frutas y demás);23.0;63;62;450.0;350.0;557.7;0.46;CONFIANZA_MEDIA_variacion_mercado;
4149;Galletas rellenas de queso;8.0;62;62;34.0;34.0;34.0;0.0;ALTA_CONFIANZA;
67;Arroz corriente;97.0;62;62;11339.8;11339.8;22679.6;1.0;CONFIANZA_MEDIA_variacion_mercado;
4461;Pasa deshidratada;25.0;61;61;28.3;28.3;28.4;0.0;ALTA_CONFIANZA;
4916;Atún en trozo en agua;63.0;61;61;142.0;141.7;170.1;0.2;ALTA_CONFIANZA;
600;Jugo concentrado de naranja;31.0;60;60;453.6;283.5;968.7;1.51;CONFIANZA_MEDIA_variacion_mercado;Reclasificado: n>=30 y rango <=40x, consistente con variedad real de tamaños comerciales (mismo criterio aplicado en Sec2).
9;Pan integral;56.0;59;17;454.0;125.0;680.0;1.22;REVISAR_MANUAL_alta_dispersion;
522;Anís;98.0;58;32;28.3;5.7;28.3;0.8;CONFIANZA_MEDIA_variacion_mercado;
586;Chocolate en barra;23.0;54;46;26.0;26.0;26.0;0.0;ALTA_CONFIANZA;
18;Galletas de harina / Galleta de manteca;56.0;54;2;;;;;SIN_EVIDENCIA;
497;Hielo casero;56.0;53;4;226.8;226.8;230.1;0.01;ALTA_CONFIANZA;
57;Maicena (fécula de maíz) /Maicera (harina de maíz procesada);23.0;52;52;150.0;70.0;320.0;1.67;CONFIANZA_MEDIA_variacion_mercado;Reclasificado: n>=30 y rango <=40x, consistente con variedad real de tamaños comerciales (mismo criterio aplicado en Sec2).
658;Picadura de tabaco;56.0;50;42;18.0;18.0;18.0;0.0;ALTA_CONFIANZA;
451;Vegetales mixtos enlatados;63.0;50;50;425.0;226.8;425.2;0.47;CONFIANZA_MEDIA_variacion_mercado;
245;Leche semidescremada liquida con UHT;31.0;50;50;1000.0;1000.0;1000.0;0.0;ALTA_CONFIANZA;
58;Harina de trigo;56.0;49;49;453.6;453.6;907.2;1.0;CONFIANZA_MEDIA_variacion_mercado;
251;Leche en polvo entera;63.0;49;49;800.0;400.0;900.0;0.62;CONFIANZA_MEDIA_variacion_mercado;
624;Ron blanco;20.0;49;47;453.6;350.0;700.0;0.77;CONFIANZA_MEDIA_variacion_mercado;
638;Vino tinto;20.0;49;48;700.0;350.0;750.0;0.57;CONFIANZA_MEDIA_variacion_mercado;
51;Cazabe;8.0;49;13;283.5;185.0;340.2;0.55;CONFIANZA_MEDIA_variacion_mercado;
586;Chocolate en barra;98.0;48;47;28.0;25.5;28.4;0.1;ALTA_CONFIANZA;
369;Habichuelas rojas secas;63.0;48;48;425.2;425.0;425.2;0.0;ALTA_CONFIANZA;
515;Cilantrico o verdura;12.0;47;4;85.0;49.6;113.4;0.75;CONFIANZA_MEDIA_variacion_mercado;
59;Harina de negrito (fécula de trigo);23.0;46;45;225.0;127.6;400.0;1.21;CONFIANZA_MEDIA_variacion_mercado;Reclasificado: n>=30 y rango <=40x, consistente con variedad real de tamaños comerciales (mismo criterio aplicado en Sec2).
410;Ajo;51.0;45;9;85.0;85.0;85.0;0.0;ALTA_CONFIANZA;
243;Leche entera liquida con UHT;25.0;45;45;239.6;226.8;250.0;0.1;ALTA_CONFIANZA;
591;Bebidas energizantes (911, Vive100 y similares);87.0;44;44;398.4;300.0;500.0;0.5;CONFIANZA_MEDIA_variacion_mercado;
57;Maicena (fécula de maíz) /Maicera (harina de maíz procesada);25.0;44;44;92.5;70.0;325.0;2.76;CONFIANZA_MEDIA_variacion_mercado;Reclasificado: n>=30 y rango <=40x, consistente con variedad real de tamaños comerciales (mismo criterio aplicado en Sec2).
616;Jugo envasado de coctel de frutas (fruit punch);87.0;43;43;453.6;226.8;500.0;0.6;CONFIANZA_MEDIA_variacion_mercado;
610;Jugo envasado de naranja;25.0;42;42;200.0;200.0;283.5;0.42;CONFIANZA_MEDIA_variacion_mercado;
236;Sardinas en agua y sal;63.0;42;42;141.0;106.0;375.4;1.91;CONFIANZA_MEDIA_variacion_mercado;Reclasificado: n>=30 y rango <=40x, consistente con variedad real de tamaños comerciales (mismo criterio aplicado en Sec2).
376;Guandules verdes desgranados;63.0;42;33;425.2;425.2;425.2;0.0;ALTA_CONFIANZA;
649;Malta;8.0;41;38;226.8;226.8;311.8;0.37;CONFIANZA_MEDIA_variacion_mercado;
611;Jugo envasado de pera;25.0;41;41;200.0;200.0;226.8;0.13;ALTA_CONFIANZA;
573;Compota;55.0;41;41;113.0;113.0;113.0;0.0;ALTA_CONFIANZA;
6467;Sopa con fideo (Maggie, Knorr y similares);98.0;41;40;60.0;60.0;65.0;0.08;ALTA_CONFIANZA;
368;Habichuelas pintas secas;56.0;40;40;853.6;453.6;1020.6;0.66;CONFIANZA_MEDIA_variacion_mercado;
563;Pimienta en granos;98.0;40;16;28.3;28.3;35.4;0.25;ALTA_CONFIANZA;
435;Alcaparrado (aceitunas y alcaparras);87.0;40;40;348.7;226.8;453.6;0.65;CONFIANZA_MEDIA_variacion_mercado;
629;Whisky;20.0;40;40;700.0;326.2;750.0;0.61;CONFIANZA_MEDIA_variacion_mercado;
569;Caldo de pollo (Sopita Concentrada);25.0;40;34;11.0;11.0;11.0;0.0;ALTA_CONFIANZA;
324;Guineo verde (guineíto);91.0;39;1;;;;;SIN_EVIDENCIA;
635;Ponches;20.0;39;38;700.0;412.5;700.0;0.41;CONFIANZA_MEDIA_variacion_mercado;
13;Pan de sándwich rebanado blanco;56.0;38;19;680.4;30.0;745.0;1.05;REVISAR_MANUAL_alta_dispersion;
608;Jugo envasado de manzana;25.0;36;36;200.0;200.0;200.0;0.0;ALTA_CONFIANZA;
554;Vinagre dorado;20.0;36;36;453.6;226.1;453.6;0.5;CONFIANZA_MEDIA_variacion_mercado;
545;Pasta de tomate(**);56.0;35;35;56.7;56.7;57.0;0.01;ALTA_CONFIANZA;
410;Ajo;98.0;35;33;25.0;25.0;25.0;0.0;ALTA_CONFIANZA;
269;Queso picantino parmesano rallado;98.0;35;14;56.7;28.8;56.7;0.49;CONFIANZA_MEDIA_variacion_mercado;
297;Aceite de oliva;87.0;35;34;113.4;20.0;250.0;2.03;CONFIANZA_MEDIA_variacion_mercado;Reclasificado: n>=30 y rango <=40x, consistente con variedad real de tamaños comerciales (mismo criterio aplicado en Sec2).
612;Jugo envasado de piña;31.0;35;35;226.8;200.0;311.8;0.49;CONFIANZA_MEDIA_variacion_mercado;
442;Habichuelas negras enlatadas;63.0;34;34;425.2;425.2;425.2;0.0;ALTA_CONFIANZA;
587;Cocoa y chocolate en polvo;87.0;33;33;300.0;226.8;453.6;0.76;CONFIANZA_MEDIA_variacion_mercado;
87;Fideos;8.0;33;33;350.0;226.8;453.6;0.65;CONFIANZA_MEDIA_variacion_mercado;
367;Habichuelas negras secas;63.0;33;32;425.2;425.2;450.0;0.06;ALTA_CONFIANZA;
498;Bombones y chocolates dulces;14.0;33;32;26.0;25.0;37.7;0.49;CONFIANZA_MEDIA_variacion_mercado;
257;Leche maternizada (sustituto de lactancia materna, hasta 1 año);63.0;32;32;400.0;400.0;800.0;1.0;CONFIANZA_MEDIA_variacion_mercado;
571;Sopa instantánea (sopa china);115.0;32;32;64.0;64.0;64.2;0.0;ALTA_CONFIANZA;
616;Jugo envasado de coctel de frutas (fruit punch);20.0;32;32;400.0;226.8;453.6;0.57;CONFIANZA_MEDIA_variacion_mercado;
243;Leche entera liquida con UHT;20.0;32;30;1000.0;958.2;1000.0;0.04;ALTA_CONFIANZA;
545;Pasta de tomate(**);23.0;32;27;56.7;56.0;57.0;0.02;ALTA_CONFIANZA;
256;Leches reforzadas con hierro y minerales (fórmula infantil),;56.0;32;32;800.0;360.0;2200.0;2.3;CONFIANZA_MEDIA_variacion_mercado;Reclasificado: n>=30 y rango <=40x, consistente con variedad real de tamaños comerciales (mismo criterio aplicado en Sec2).
4148;Galletas de ajo;56.0;31;24;29.2;22.5;37.5;0.51;CONFIANZA_MEDIA_variacion_mercado;
376;Guandules verdes desgranados;60.0;31;6;226.8;226.8;396.9;0.75;CONFIANZA_MEDIA_variacion_mercado;
243;Leche entera liquida con UHT;63.0;31;31;315.0;315.0;377.0;0.2;ALTA_CONFIANZA;
611;Jugo envasado de pera;23.0;31;31;200.0;200.0;453.6;1.27;CONFIANZA_MEDIA_variacion_mercado;Reclasificado: n>=30 y rango <=40x, consistente con variedad real de tamaños comerciales (mismo criterio aplicado en Sec2).
4919;Leche líquida con chocolate;23.0;31;31;283.5;200.0;486.5;1.01;CONFIANZA_MEDIA_variacion_mercado;Reclasificado: n>=30 y rango <=40x, consistente con variedad real de tamaños comerciales (mismo criterio aplicado en Sec2).
314;Plátano verde;91.0;30;0;;;;;SIN_EVIDENCIA;
57;Maicena (fécula de maíz) /Maicera (harina de maíz procesada);56.0;30;30;396.9;182.8;397.0;0.54;CONFIANZA_MEDIA_variacion_mercado;
555;Vinagre blanco;87.0;30;27;453.6;453.6;463.3;0.02;ALTA_CONFIANZA;
499;Caramelos, chicles;25.0;29;26;2.8;2.8;15.4;4.49;REVISAR_MANUAL_alta_dispersion;
4148;Galletas de ajo;8.0;29;17;33.0;27.0;40.0;0.39;CONFIANZA_MEDIA_variacion_mercado;
4917;Atún desmenuzado en aceite;63.0;29;29;142.0;142.0;170.1;0.2;ALTA_CONFIANZA;
254;Leche evaporada;23.0;29;29;315.0;250.0;350.0;0.32;CONFIANZA_MEDIA_variacion_mercado;
608;Jugo envasado de manzana;87.0;29;29;946.0;450.0;1814.4;1.44;REVISAR_MANUAL_alta_dispersion;
457;Papas fritas (snack y picaderas);98.0;28;28;27.0;27.0;27.0;0.0;ALTA_CONFIANZA;
470;Miel, polen y propóleo, jalea real;20.0;28;7;350.0;350.0;401.8;0.15;ALTA_CONFIANZA;
183;Salchichas de hot-dog;8.0;28;12;453.6;110.1;625.0;1.14;REVISAR_MANUAL_alta_dispersion;
591;Bebidas energizantes (911, Vive100 y similares);20.0;28;28;453.6;322.5;500.0;0.39;CONFIANZA_MEDIA_variacion_mercado;
498;Bombones y chocolates dulces;99.0;27;27;40.0;37.9;40.2;0.06;ALTA_CONFIANZA;
59;Harina de negrito (fécula de trigo);25.0;27;27;127.6;127.6;225.9;0.77;CONFIANZA_MEDIA_variacion_mercado;
259;Suplementos alimenticios (Ensure y similares);63.0;27;27;237.0;200.0;400.0;0.84;CONFIANZA_MEDIA_variacion_mercado;
355;Maní tostado;98.0;26;26;18.0;15.2;26.0;0.6;CONFIANZA_MEDIA_variacion_mercado;
247;Leche descremada liquida con UHT;87.0;26;26;1000.0;1000.0;1000.0;0.0;ALTA_CONFIANZA;
579;Snacks y picaderas de todo tipo (excepto papitas fritas);8.0;26;26;25.0;20.0;34.0;0.56;CONFIANZA_MEDIA_variacion_mercado;
76;Corn Flakes (incluye rice flakes, cereales de chocolates, frutas y demás);98.0;25;25;28.3;25.0;56.0;1.09;REVISAR_MANUAL_alta_dispersion;
371;Habichuelas blanditas;60.0;25;25;226.8;226.8;226.8;0.0;ALTA_CONFIANZA;
438;Guandules secos en lata;63.0;24;24;425.1;278.8;425.2;0.34;CONFIANZA_MEDIA_variacion_mercado;
556;Vinagre balsámico;87.0;24;23;113.4;56.7;311.8;2.25;REVISAR_MANUAL_alta_dispersion;
459;Azúcar morena;8.0;24;24;2268.0;907.2;2268.0;0.6;CONFIANZA_MEDIA_variacion_mercado;
558;Bija en polvo;98.0;24;19;28.3;28.3;28.3;0.0;ALTA_CONFIANZA;
216;Atún;63.0;24;24;142.0;141.3;170.1;0.2;ALTA_CONFIANZA;
66;Arroz selecto;8.0;24;24;907.2;453.6;4535.9;4.5;REVISAR_MANUAL_alta_dispersion;
537;Ajo en polvo;98.0;23;23;25.0;3.0;25.0;0.88;CONFIANZA_MEDIA_variacion_mercado;
545;Pasta de tomate(**);60.0;23;23;425.0;226.8;475.0;0.58;CONFIANZA_MEDIA_variacion_mercado;
300;Aceite de canola;87.0;23;23;113.4;113.4;113.4;0.0;ALTA_CONFIANZA;
616;Jugo envasado de coctel de frutas (fruit punch);25.0;23;23;200.0;196.4;200.0;0.02;ALTA_CONFIANZA;
652;Cigarrillos con filtro;23.0;23;0;;;;;SIN_EVIDENCIA;
484;Dulces de navidad surtidos;56.0;23;20;359.0;303.0;402.1;0.28;ALTA_CONFIANZA;
521;Ajinomoto;98.0;22;8;19.2;8.0;56.7;2.54;REVISAR_MANUAL_alta_dispersion;
251;Leche en polvo entera;31.0;22;22;1000.0;968.7;1000.0;0.03;ALTA_CONFIANZA;
19;Galletas de soda;98.0;22;22;33.5;33.5;33.5;0.0;ALTA_CONFIANZA;
72;Avena molida saborizada (Frescavena y otras);98.0;22;22;40.0;40.0;50.0;0.25;ALTA_CONFIANZA;
546;Salsa china;20.0;21;21;150.0;141.7;283.5;0.94;CONFIANZA_MEDIA_variacion_mercado;
5882;Bizcocho envasado de maíz;56.0;21;18;39.0;30.0;40.0;0.26;ALTA_CONFIANZA;
546;Salsa china;87.0;21;21;170.1;141.7;283.5;0.83;CONFIANZA_MEDIA_variacion_mercado;
110;Pollo fresco;8.0;21;21;1451.5;1261.0;2268.0;0.69;CONFIANZA_MEDIA_variacion_mercado;
56;Harinas de maíz;98.0;21;21;396.9;396.9;397.0;0.0;ALTA_CONFIANZA;
436;Alcaparras;98.0;21;14;28.3;13.3;71.3;2.05;REVISAR_MANUAL_alta_dispersion;
578;Gelatina en polvo;25.0;21;21;85.0;85.0;85.0;0.0;ALTA_CONFIANZA;
536;Ajo en pasta;87.0;21;21;226.0;127.6;226.8;0.44;CONFIANZA_MEDIA_variacion_mercado;
307;Mantequilla;105.0;21;21;425.0;227.0;453.6;0.53;CONFIANZA_MEDIA_variacion_mercado;
324;Guineo verde (guineíto);66.0;20;0;;;;;SIN_EVIDENCIA;
86;Coditos;8.0;20;20;400.0;400.0;413.4;0.03;ALTA_CONFIANZA;
75;Cereales de trigo;63.0;19;19;270.0;270.0;285.0;0.06;ALTA_CONFIANZA;
5042;Palitos de ajo;56.0;19;13;32.0;16.0;40.0;0.75;CONFIANZA_MEDIA_variacion_mercado;
281;Leche de soya;98.0;19;19;125.0;125.0;125.0;0.0;ALTA_CONFIANZA;
534;Orégano;56.0;19;8;28.3;23.5;35.4;0.42;CONFIANZA_MEDIA_variacion_mercado;
4919;Leche líquida con chocolate;25.0;19;19;200.0;200.0;266.7;0.33;CONFIANZA_MEDIA_variacion_mercado;
13;Pan de sándwich rebanado blanco;117.0;18;8;731.0;492.6;793.8;0.41;CONFIANZA_MEDIA_variacion_mercado;
410;Ajo;8.0;18;11;226.8;211.9;283.5;0.32;CONFIANZA_MEDIA_variacion_mercado;
575;Cremora;87.0;18;18;263.4;170.1;312.0;0.54;CONFIANZA_MEDIA_variacion_mercado;
5965;Jugo de fresa envasado;31.0;18;18;213.4;200.0;863.4;3.11;REVISAR_MANUAL_alta_dispersion;
297;Aceite de oliva;20.0;18;18;500.0;250.0;750.0;1.0;CONFIANZA_MEDIA_variacion_mercado;
609;Jugo envasado de melocotón;25.0;18;18;200.0;200.0;226.8;0.13;ALTA_CONFIANZA;
5049;Jugo envasado de cereza;31.0;18;18;241.7;200.0;283.5;0.35;CONFIANZA_MEDIA_variacion_mercado;
59;Harina de negrito (fécula de trigo);56.0;18;18;226.8;225.4;439.4;0.94;CONFIANZA_MEDIA_variacion_mercado;
254;Leche evaporada;25.0;18;18;265.0;250.0;350.0;0.38;CONFIANZA_MEDIA_variacion_mercado;
18;Galletas de harina / Galleta de manteca;8.0;18;18;30.0;25.5;32.6;0.24;ALTA_CONFIANZA;
3571;Masa para empanada de harina;8.0;17;3;453.6;453.6;453.6;0.0;ALTA_CONFIANZA;
4919;Leche líquida con chocolate;87.0;17;17;500.0;453.6;958.2;1.01;REVISAR_MANUAL_alta_dispersion;
24;Galletas de Avena / Granola;8.0;17;17;38.0;34.0;38.0;0.11;ALTA_CONFIANZA;
578;Gelatina en polvo;23.0;17;15;85.0;85.0;85.0;0.0;ALTA_CONFIANZA;
634;Clerén;20.0;17;11;175.0;175.0;350.0;1.0;CONFIANZA_MEDIA_variacion_mercado;
277;Yogurt bebible natural;115.0;17;7;226.8;226.8;283.5;0.25;ALTA_CONFIANZA;
529;Manzanilla;98.0;17;14;28.3;28.3;28.3;0.0;ALTA_CONFIANZA;
609;Jugo envasado de melocotón;23.0;17;17;330.0;200.0;1000.0;2.42;REVISAR_MANUAL_alta_dispersion;
506;Sal molida refinada;8.0;16;16;453.6;453.6;453.6;0.0;ALTA_CONFIANZA;
587;Cocoa y chocolate en polvo;99.0;16;16;26.0;26.0;26.0;0.0;ALTA_CONFIANZA;
67;Arroz corriente;60.0;16;0;;;;;SIN_EVIDENCIA;
6031;Gomitas dulces;56.0;16;14;368.3;245.1;454.0;0.57;CONFIANZA_MEDIA_variacion_mercado;
3810;Espirales;56.0;16;16;388.4;350.0;400.0;0.13;ALTA_CONFIANZA;
319;Fresa;8.0;16;9;453.6;340.2;453.6;0.25;ALTA_CONFIANZA;
571;Sopa instantánea (sopa china);56.0;16;16;85.0;85.0;85.0;0.0;ALTA_CONFIANZA;
19;Galletas de soda;56.0;15;15;33.5;33.0;34.2;0.04;ALTA_CONFIANZA;
295;Aceite de coco;20.0;15;15;907.2;631.1;907.2;0.3;CONFIANZA_MEDIA_variacion_mercado;
369;Habichuelas rojas secas;56.0;15;15;800.0;453.6;907.2;0.57;CONFIANZA_MEDIA_variacion_mercado;
499;Caramelos, chicles;23.0;15;12;3.8;2.8;17.1;3.76;REVISAR_MANUAL_alta_dispersion;
87;Fideos;98.0;15;15;350.0;219.7;426.8;0.59;CONFIANZA_MEDIA_variacion_mercado;
541;Mayonesa;55.0;15;15;200.0;200.0;390.1;0.95;CONFIANZA_MEDIA_variacion_mercado;
618;Jugo envasado de Aloe;87.0;15;15;500.0;476.8;1250.0;1.55;REVISAR_MANUAL_alta_dispersion;
523;Canela en astilla;56.0;15;9;14.2;10.0;28.3;1.29;REVISAR_MANUAL_alta_dispersion;
56;Harinas de maíz;8.0;15;15;397.0;396.9;425.3;0.07;ALTA_CONFIANZA;
4413;Sal en grano;56.0;15;15;453.6;453.6;453.8;0.0;ALTA_CONFIANZA;
3807;Macarrones;23.0;15;15;205.5;200.0;216.4;0.08;ALTA_CONFIANZA;
3812;Mostachones;56.0;15;15;400.0;288.4;400.0;0.28;ALTA_CONFIANZA;
260;Queso cheddar amarillo;8.0;15;13;317.5;181.4;499.0;1.0;CONFIANZA_MEDIA_variacion_mercado;
458;Azúcar blanca refinada;56.0;15;15;2268.0;2268.0;2268.0;0.0;ALTA_CONFIANZA;
432;Ensalada cruda (Varias hortalizas);8.0;15;1;;;;;SIN_EVIDENCIA;
322;Guayaba;63.0;14;0;;;;;SIN_EVIDENCIA;
545;Pasta de tomate(**);87.0;14;14;238.4;56.8;428.8;1.56;REVISAR_MANUAL_alta_dispersion;
569;Caldo de pollo (Sopita Concentrada);8.0;14;14;11.0;10.2;11.0;0.07;ALTA_CONFIANZA;
6446;Avena molida no saborizada;98.0;14;14;40.0;40.0;87.5;1.19;REVISAR_MANUAL_alta_dispersion;
586;Chocolate en barra;8.0;14;13;26.0;26.0;26.0;0.0;ALTA_CONFIANZA;
608;Jugo envasado de manzana;23.0;14;14;453.6;200.0;989.6;1.74;REVISAR_MANUAL_alta_dispersion;
606;Jugo envasado de chinola;31.0;14;14;213.4;200.0;283.5;0.39;CONFIANZA_MEDIA_variacion_mercado;
587;Cocoa y chocolate en polvo;63.0;14;14;350.0;200.0;400.0;0.57;CONFIANZA_MEDIA_variacion_mercado;
97;Carne molida de res;8.0;14;14;619.2;499.0;680.4;0.29;ALTA_CONFIANZA;
297;Aceite de oliva;63.0;14;14;175.0;175.0;217.8;0.24;ALTA_CONFIANZA;
20;Galletas dulces;98.0;14;14;35.0;30.0;48.0;0.51;CONFIANZA_MEDIA_variacion_mercado;
596;Agua saborizada;20.0;14;14;567.0;567.0;567.0;0.0;ALTA_CONFIANZA;
368;Habichuelas pintas secas;63.0;14;14;370.1;275.0;425.2;0.41;CONFIANZA_MEDIA_variacion_mercado;
501;Paletas, mentas;98.0;14;14;4.0;3.0;10.0;1.75;REVISAR_MANUAL_alta_dispersion;
307;Mantequilla;14.0;13;13;113.4;113.0;113.4;0.0;ALTA_CONFIANZA;
611;Jugo envasado de pera;87.0;13;13;400.0;226.8;500.0;0.68;CONFIANZA_MEDIA_variacion_mercado;
405;Brócolis;8.0;13;13;453.6;281.2;762.0;1.06;REVISAR_MANUAL_alta_dispersion;
491;Helados de fruta a base de leche;105.0;13;5;226.8;198.4;453.6;1.12;REVISAR_MANUAL_alta_dispersion;
374;Guandules verdes en cáscara;63.0;13;0;;;;;SIN_EVIDENCIA;
515;Cilantrico o verdura;92.0;13;3;28.3;28.3;42.5;0.5;CONFIANZA_MEDIA_variacion_mercado;
316;Cereza;60.0;13;0;;;;;SIN_EVIDENCIA;
88;Spaghetti;98.0;13;13;453.6;400.0;453.6;0.12;ALTA_CONFIANZA;
528;Nuez moscada;98.0;13;3;28.3;18.4;70.9;1.85;REVISAR_MANUAL_alta_dispersion;
4918;Atún desmenuzado en agua;63.0;13;13;142.0;141.7;170.1;0.2;ALTA_CONFIANZA;
159;Chuleta ahumada;8.0;13;12;657.7;517.1;747.3;0.35;CONFIANZA_MEDIA_variacion_mercado;
514;Cilantro;8.0;13;0;;;;;SIN_EVIDENCIA;
267;Queso holandés (Geo, gouda y similares);8.0;13;13;308.4;226.8;453.6;0.74;CONFIANZA_MEDIA_variacion_mercado;
433;Aceitunas verdes con semillas;87.0;13;12;226.8;198.3;226.8;0.13;ALTA_CONFIANZA;
613;Jugo envasado de tamarindo;20.0;13;13;453.6;355.0;453.6;0.22;ALTA_CONFIANZA;
6545;Mabí de limón;20.0;12;12;375.0;200.0;406.3;0.55;CONFIANZA_MEDIA_variacion_mercado;
544;Aderezos para sándwich;87.0;12;12;255.1;220.1;453.6;0.92;CONFIANZA_MEDIA_variacion_mercado;
560;Canela en polvo;98.0;12;7;28.3;14.0;28.3;0.51;CONFIANZA_MEDIA_variacion_mercado;
410;Ajo;20.0;12;12;28.3;28.3;28.3;0.0;ALTA_CONFIANZA;
316;Cereza;63.0;12;0;;;;;SIN_EVIDENCIA;
3809;Macarroni & Cheese;25.0;12;12;205.5;205.5;205.5;0.0;ALTA_CONFIANZA;
5490;Jugo envasado de mango;31.0;12;12;226.8;200.0;968.7;3.39;REVISAR_MANUAL_alta_dispersion;
275;Yogurt bebible saborizado;115.0;12;12;170.1;170.1;184.3;0.08;ALTA_CONFIANZA;
616;Jugo envasado de coctel de frutas (fruit punch);8.0;12;12;200.0;200.0;200.0;0.0;ALTA_CONFIANZA;
498;Bombones y chocolates dulces;56.0;12;12;33.5;24.5;40.2;0.47;CONFIANZA_MEDIA_variacion_mercado;
610;Jugo envasado de naranja;56.0;12;12;200.0;150.0;226.8;0.38;CONFIANZA_MEDIA_variacion_mercado;
2848;Mabí de limón servido;20.0;12;10;400.0;362.5;400.0;0.09;ALTA_CONFIANZA;
616;Jugo envasado de coctel de frutas (fruit punch);23.0;11;11;200.0;200.0;226.8;0.13;ALTA_CONFIANZA;
587;Cocoa y chocolate en polvo;56.0;11;10;226.8;26.0;453.4;1.88;REVISAR_MANUAL_alta_dispersion;
369;Habichuelas rojas secas;8.0;11;11;800.0;453.6;907.2;0.57;CONFIANZA_MEDIA_variacion_mercado;
59;Harina de negrito (fécula de trigo);98.0;11;9;239.6;200.0;239.6;0.17;ALTA_CONFIANZA;
542;Kétchup;63.0;11;11;997.9;887.5;1000.0;0.11;ALTA_CONFIANZA;
4952;Sobre de naranja agria en polvo;98.0;11;10;25.0;25.0;28.8;0.15;ALTA_CONFIANZA;
548;Preparado líquido de Salsa de tomate (Ragú y similares);87.0;11;11;453.0;432.3;680.2;0.55;CONFIANZA_MEDIA_variacion_mercado;
5;Pan de mantequilla;56.0;11;0;;;;;SIN_EVIDENCIA;
356;Nueces y semillas surtidas;56.0;11;9;453.6;396.9;454.0;0.13;ALTA_CONFIANZA;
457;Papas fritas (snack y picaderas);8.0;11;11;27.0;27.0;40.5;0.5;CONFIANZA_MEDIA_variacion_mercado;
457;Papas fritas (snack y picaderas);63.0;11;11;45.0;40.0;124.0;1.87;REVISAR_MANUAL_alta_dispersion;
569;Caldo de pollo (Sopita Concentrada);1.0;11;11;11.0;11.0;11.0;0.0;ALTA_CONFIANZA;
571;Sopa instantánea (sopa china);8.0;11;11;85.0;82.5;85.0;0.03;ALTA_CONFIANZA;
108;Carne corriente de res;8.0;11;11;521.6;453.6;793.8;0.65;CONFIANZA_MEDIA_variacion_mercado;
112;Pechuga de pollo;8.0;11;11;907.2;907.2;1081.8;0.19;ALTA_CONFIANZA;
296;Aceite de maíz;87.0;10;10;726.8;453.6;1568.3;1.53;REVISAR_MANUAL_alta_dispersion;
348;Tamarindo;8.0;10;10;453.6;226.8;453.6;0.5;CONFIANZA_MEDIA_variacion_mercado;
553;Sazón líquido;56.0;10;10;40.0;40.0;40.0;0.0;ALTA_CONFIANZA;
20;Galletas dulces;63.0;10;9;240.0;240.0;340.0;0.42;CONFIANZA_MEDIA_variacion_mercado;
3506;Bizcocho envasado de vainilla;98.0;10;9;40.0;25.0;40.0;0.38;CONFIANZA_MEDIA_variacion_mercado;
316;Cereza;56.0;10;0;;;;;SIN_EVIDENCIA;
92;Lasagña;23.0;10;10;250.0;250.0;287.5;0.15;ALTA_CONFIANZA;
367;Habichuelas negras secas;56.0;10;10;453.6;453.6;880.4;0.94;CONFIANZA_MEDIA_variacion_mercado;
552;Sazón en polvo;56.0;10;10;9.0;9.0;9.0;0.0;ALTA_CONFIANZA;
53;Tortilla de maíz (para tacos);8.0;10;5;15.0;15.0;15.0;0.0;ALTA_CONFIANZA;
596;Agua saborizada;87.0;10;10;453.6;453.6;567.0;0.25;ALTA_CONFIANZA;
598;Jugo concentrado de fruit-punch;87.0;10;10;416.4;241.0;450.0;0.5;CONFIANZA_MEDIA_variacion_mercado;
608;Jugo envasado de manzana;20.0;10;10;283.5;247.9;296.0;0.17;ALTA_CONFIANZA;
371;Habichuelas blanditas;63.0;10;10;325.9;226.8;425.2;0.61;CONFIANZA_MEDIA_variacion_mercado;
642;Sidra;20.0;10;10;700.0;663.0;750.0;0.12;ALTA_CONFIANZA;
507;Sal marina;56.0;10;10;453.6;453.6;453.6;0.0;ALTA_CONFIANZA;
611;Jugo envasado de pera;8.0;10;10;200.0;200.0;200.0;0.0;ALTA_CONFIANZA;
257;Leche maternizada (sustituto de lactancia materna, hasta 1 año);87.0;10;10;56.7;56.7;78.0;0.37;CONFIANZA_MEDIA_variacion_mercado;
261;Queso danés;8.0;10;10;378.7;234.7;453.6;0.58;CONFIANZA_MEDIA_variacion_mercado;
281;Leche de soya;56.0;10;10;400.0;400.0;400.0;0.0;ALTA_CONFIANZA;
76;Corn Flakes (incluye rice flakes, cereales de chocolates, frutas y demás);115.0;10;10;116.2;24.0;226.8;1.74;REVISAR_MANUAL_alta_dispersion;
386;Papas;56.0;10;10;2041.2;567.0;2268.0;0.83;CONFIANZA_MEDIA_variacion_mercado;
57;Maicena (fécula de maíz) /Maicera (harina de maíz procesada);98.0;9;9;182.0;182.0;400.0;1.2;REVISAR_MANUAL_alta_dispersion;
535;Orégano en polvo;56.0;9;9;28.3;28.3;28.3;0.0;ALTA_CONFIANZA;
4948;Cilantro en grano;98.0;9;3;10.0;10.0;10.0;0.0;ALTA_CONFIANZA;
3076;Habichuela negra con coco en lata;63.0;9;9;425.0;275.0;425.2;0.35;CONFIANZA_MEDIA_variacion_mercado;
484;Dulces de navidad surtidos;8.0;9;7;453.6;374.3;538.3;0.36;CONFIANZA_MEDIA_variacion_mercado;
396;Apio planta, apio gusto;8.0;9;5;680.4;453.6;748.4;0.43;CONFIANZA_MEDIA_variacion_mercado;
254;Leche evaporada;87.0;9;9;453.6;300.0;1000.0;1.54;REVISAR_MANUAL_alta_dispersion;
581;Café molido;87.0;9;9;56.7;28.4;226.8;3.5;REVISAR_MANUAL_alta_dispersion;
515;Cilantrico o verdura;8.0;9;1;;;;;SIN_EVIDENCIA;
348;Tamarindo;56.0;9;9;453.6;453.6;907.2;1.0;CONFIANZA_MEDIA_variacion_mercado;
3242;Galleta con queso;8.0;9;9;34.0;34.0;39.0;0.15;ALTA_CONFIANZA;
408;Cebolla roja;8.0;9;9;1134.0;734.8;1360.8;0.55;CONFIANZA_MEDIA_variacion_mercado;
1892;Alimentos para animales;97.0;9;7;45359.2;31751.4;51029.1;0.43;CONFIANZA_MEDIA_variacion_mercado;
466;Melaza;20.0;9;2;;;;;SIN_EVIDENCIA;
23;Galletas saladas;1.0;9;9;34.0;24.0;34.0;0.29;ALTA_CONFIANZA;
1892;Alimentos para animales;56.0;9;9;453.6;453.6;907.2;1.0;CONFIANZA_MEDIA_variacion_mercado;
542;Kétchup;20.0;9;9;396.9;396.9;396.9;0.0;ALTA_CONFIANZA;
114;Muslos de pollo;8.0;9;8;1544.5;1078.4;2282.7;0.78;CONFIANZA_MEDIA_variacion_mercado;
545;Pasta de tomate(**);8.0;9;9;56.7;56.7;56.7;0.0;ALTA_CONFIANZA;
306;Mantequilla de maní;87.0;9;9;453.6;453.0;462.1;0.02;ALTA_CONFIANZA;
2;Pan sobado;1.0;9;5;45.0;45.0;45.0;0.0;ALTA_CONFIANZA;
9;Pan integral;117.0;9;4;311.8;92.5;589.0;1.59;REVISAR_MANUAL_alta_dispersion;
8776;Salami guisado en lata;63.0;8;8;284.0;283.5;284.0;0.0;ALTA_CONFIANZA;
5965;Jugo de fresa envasado;87.0;8;8;226.8;218.0;450.0;1.02;REVISAR_MANUAL_alta_dispersion;
267;Queso holandés (Geo, gouda y similares);17.0;8;8;680.4;648.6;822.1;0.25;ALTA_CONFIANZA;
6451;Leche entera liquida sin lactosa;31.0;8;8;1000.0;1000.0;1000.0;0.0;ALTA_CONFIANZA;
566;Vainilla negra;87.0;8;7;113.4;113.4;226.8;1.0;CONFIANZA_MEDIA_variacion_mercado;
315;Rulo;91.0;8;0;;;;;SIN_EVIDENCIA;
3506;Bizcocho envasado de vainilla;8.0;8;7;40.0;32.5;40.0;0.19;ALTA_CONFIANZA;
456;Papa pre cocida congelada;56.0;8;8;715.2;488.4;1190.7;0.98;CONFIANZA_MEDIA_variacion_mercado;
71;Avena en hojuela o entera;8.0;8;8;53.3;50.0;210.0;3.0;REVISAR_MANUAL_alta_dispersion;
440;Guisantes enlatados (petit-pois);63.0;8;8;326.1;226.8;425.2;0.61;CONFIANZA_MEDIA_variacion_mercado;
6213;Leche con avena envasado;31.0;8;8;425.0;330.0;500.0;0.4;CONFIANZA_MEDIA_variacion_mercado;
581;Café molido;63.0;8;8;283.0;283.0;283.1;0.0;ALTA_CONFIANZA;
498;Bombones y chocolates dulces;8.0;8;7;28.0;21.5;31.5;0.36;CONFIANZA_MEDIA_variacion_mercado;
652;Cigarrillos con filtro;25.0;8;0;;;;;SIN_EVIDENCIA;
247;Leche descremada liquida con UHT;23.0;8;8;1000.0;989.6;1000.0;0.01;ALTA_CONFIANZA;
515;Cilantrico o verdura;98.0;8;8;10.5;7.2;56.7;4.71;REVISAR_MANUAL_alta_dispersion;
277;Yogurt bebible natural;20.0;8;8;250.0;250.0;641.1;1.56;REVISAR_MANUAL_alta_dispersion;
269;Queso picantino parmesano rallado;87.0;8;8;226.8;120.4;226.8;0.47;CONFIANZA_MEDIA_variacion_mercado;
84;Maíz para hacer rositas (palomitas);56.0;8;6;453.6;413.4;453.6;0.09;ALTA_CONFIANZA;
392;Ají grande (cubanela);8.0;8;7;444.5;378.7;453.6;0.17;ALTA_CONFIANZA;
657;Tabaco para pipa;98.0;8;8;56.7;47.0;56.7;0.17;ALTA_CONFIANZA;
645;Cerveza clara;23.0;8;6;651.0;650.0;913.0;0.4;CONFIANZA_MEDIA_variacion_mercado;
10;Pan telera;56.0;7;0;;;;;SIN_EVIDENCIA;
65;Arroz súper-selecto o premium;56.0;7;7;907.2;680.4;3401.9;3.0;REVISAR_MANUAL_alta_dispersion;
653;Cigarrillos sin filtro;24.0;7;0;;;;;SIN_EVIDENCIA;
92;Lasagña;8.0;7;6;300.0;262.5;375.0;0.38;CONFIANZA_MEDIA_variacion_mercado;
6579;Mabí de chinola;20.0;7;7;453.6;453.6;453.6;0.0;ALTA_CONFIANZA;
5850;Jugo envasado de guayaba;31.0;7;7;283.5;200.0;1000.0;2.82;REVISAR_MANUAL_alta_dispersion;
48;Masitas;56.0;7;0;;;;;SIN_EVIDENCIA;
296;Aceite de maíz;98.0;7;7;340.2;340.2;340.2;0.0;ALTA_CONFIANZA;
76;Corn Flakes (incluye rice flakes, cereales de chocolates, frutas y demás);8.0;7;7;250.0;72.0;368.5;1.19;REVISAR_MANUAL_alta_dispersion;
3807;Macarrones;56.0;7;7;453.6;426.8;453.6;0.06;ALTA_CONFIANZA;
80;Trigo;56.0;7;7;453.6;426.8;907.2;1.06;REVISAR_MANUAL_alta_dispersion;
328;Limón agrio;63.0;7;0;;;;;SIN_EVIDENCIA;
232;Bacalao;8.0;7;4;340.2;226.8;536.4;0.91;CONFIANZA_MEDIA_variacion_mercado;
507;Sal marina;87.0;7;7;510.3;184.4;535.1;0.69;CONFIANZA_MEDIA_variacion_mercado;
586;Chocolate en barra;56.0;7;6;65.5;29.0;99.0;1.07;REVISAR_MANUAL_alta_dispersion;
399;Auyama;79.0;7;4;147.4;107.7;192.8;0.58;CONFIANZA_MEDIA_variacion_mercado;
437;Garbanzos enlatados;63.0;7;7;425.2;425.0;432.3;0.02;ALTA_CONFIANZA;
590;Soda amarga;20.0;7;7;450.0;450.0;567.0;0.26;ALTA_CONFIANZA;
275;Yogurt bebible saborizado;20.0;7;7;250.0;250.0;311.8;0.25;ALTA_CONFIANZA;
578;Gelatina en polvo;98.0;7;7;80.0;60.0;120.0;0.75;CONFIANZA_MEDIA_variacion_mercado;
523;Canela en astilla;8.0;7;3;28.3;21.3;38.7;0.61;CONFIANZA_MEDIA_variacion_mercado;
247;Leche descremada liquida con UHT;25.0;7;7;239.6;239.6;239.6;0.0;ALTA_CONFIANZA;
524;Canelilla;98.0;7;3;28.3;28.3;42.5;0.5;CONFIANZA_MEDIA_variacion_mercado;
386;Papas;8.0;7;6;2268.0;2268.0;3968.9;0.75;CONFIANZA_MEDIA_variacion_mercado;
610;Jugo envasado de naranja;8.0;7;6;200.0;194.4;200.0;0.03;ALTA_CONFIANZA;
268;Queso mozzarella;8.0;7;7;308.4;249.5;360.6;0.36;CONFIANZA_MEDIA_variacion_mercado;
7460;Mabí de leche con guayaba envasado;20.0;6;1;;;;;SIN_EVIDENCIA;
427;Lechuga repollada;8.0;6;6;573.8;481.9;825.5;0.6;CONFIANZA_MEDIA_variacion_mercado;
566;Vainilla negra;98.0;6;5;56.7;56.7;56.7;0.0;ALTA_CONFIANZA;
552;Sazón en polvo;8.0;6;6;9.0;9.0;9.8;0.08;ALTA_CONFIANZA;
408;Cebolla roja;1.0;6;2;;;;;SIN_EVIDENCIA;
6472;Refrescos servido;20.0;6;6;567.0;441.7;1641.7;2.12;REVISAR_MANUAL_alta_dispersion;
32;Palomitas de maíz para microondas;56.0;6;4;453.6;348.7;567.0;0.48;CONFIANZA_MEDIA_variacion_mercado;
121;Hígado de pollo;8.0;6;6;848.2;762.0;907.2;0.17;ALTA_CONFIANZA;
303;Margarina;87.0;6;6;425.2;425.1;446.5;0.05;ALTA_CONFIANZA;
545;Pasta de tomate(**);48.0;6;6;56.3;56.0;56.7;0.01;ALTA_CONFIANZA;
573;Compota;23.0;6;5;113.0;113.0;113.0;0.0;ALTA_CONFIANZA;
276;Yogurt con trozos de frutas;87.0;6;6;250.0;232.6;250.0;0.07;ALTA_CONFIANZA;
251;Leche en polvo entera;8.0;6;6;242.5;125.0;540.0;1.71;REVISAR_MANUAL_alta_dispersion;
280;Crema de leche;31.0;6;6;250.0;232.6;325.0;0.37;CONFIANZA_MEDIA_variacion_mercado;
264;Queso crema;8.0;6;6;367.4;223.4;443.4;0.6;CONFIANZA_MEDIA_variacion_mercado;
615;Jugo envasado de uvas;31.0;6;6;979.1;389.6;1000.0;0.62;CONFIANZA_MEDIA_variacion_mercado;
242;Leche fresca o cruda de vaca;87.0;6;6;1000.0;1000.0;1750.0;0.75;CONFIANZA_MEDIA_variacion_mercado;
178;Salami súper especial;8.0;6;5;684.9;476.3;689.5;0.31;CONFIANZA_MEDIA_variacion_mercado;
491;Helados de fruta a base de leche;115.0;6;2;;;;;SIN_EVIDENCIA;
367;Habichuelas negras secas;60.0;6;0;;;;;SIN_EVIDENCIA;
400;Zanahoria;8.0;6;5;675.9;571.5;1360.8;1.17;REVISAR_MANUAL_alta_dispersion;
2694;Cerveza clara servida;20.0;6;6;495.1;328.8;650.0;0.65;CONFIANZA_MEDIA_variacion_mercado;
641;Vino rosado;20.0;6;6;750.0;750.0;750.0;0.0;ALTA_CONFIANZA;
620;Jugo de frutas en polvo;31.0;6;6;1000.0;400.0;1000.0;0.6;CONFIANZA_MEDIA_variacion_mercado;
169;Jamón de pavo;8.0;6;6;340.2;176.9;435.4;0.76;CONFIANZA_MEDIA_variacion_mercado;
420;Tomate Barceló o Bugalú;8.0;6;6;832.3;712.1;894.7;0.22;ALTA_CONFIANZA;
73;Cereales de arroz;63.0;6;6;380.0;292.5;400.0;0.28;ALTA_CONFIANZA;
439;Guandules verdes en lata;60.0;6;6;250.9;206.7;387.7;0.72;CONFIANZA_MEDIA_variacion_mercado;
4399;Cilantro molido;98.0;6;4;28.3;28.3;42.5;0.5;CONFIANZA_MEDIA_variacion_mercado;
530;Flor de tilo;98.0;6;2;;;;;SIN_EVIDENCIA;
15;Pan de hot dog;56.0;6;0;;;;;SIN_EVIDENCIA;
14;Pan de sándwich rebanado integral;56.0;6;4;476.8;347.7;560.0;0.45;CONFIANZA_MEDIA_variacion_mercado;
8;Pan camarón;56.0;6;0;;;;;SIN_EVIDENCIA;
6547;Mabí de bejuco;20.0;6;6;450.0;450.0;452.7;0.01;ALTA_CONFIANZA;
5300;Mabí de bejuco servido;20.0;5;5;350.0;350.0;350.0;0.0;ALTA_CONFIANZA;
5599;Pan dulce;56.0;5;0;;;;;SIN_EVIDENCIA;
58;Harina de trigo;23.0;5;5;226.8;225.0;226.8;0.01;ALTA_CONFIANZA;
53;Tortilla de maíz (para tacos);56.0;5;3;28.0;22.5;581.0;19.95;REVISAR_MANUAL_alta_dispersion;
532;Pimienta en polvo;56.0;5;4;28.3;28.3;28.3;0.0;ALTA_CONFIANZA;
535;Orégano en polvo;87.0;5;5;90.7;90.0;200.0;1.21;REVISAR_MANUAL_alta_dispersion;
6466;Sopa crema (Maggie, Knorr y similares);98.0;5;5;60.0;60.0;65.0;0.08;ALTA_CONFIANZA;
6446;Avena molida no saborizada;56.0;5;5;141.7;50.0;226.8;1.25;REVISAR_MANUAL_alta_dispersion;
303;Margarina;49.0;5;0;;;;;SIN_EVIDENCIA;
594;Agua purificada (Dasani, Planeta Azul y similares);8.0;5;5;255.1;240.0;453.6;0.84;CONFIANZA_MEDIA_variacion_mercado;
586;Chocolate en barra;25.0;5;3;26.0;26.0;26.0;0.0;ALTA_CONFIANZA;
586;Chocolate en barra;14.0;5;5;26.0;25.0;26.0;0.04;ALTA_CONFIANZA;
514;Cilantro;98.0;5;2;;;;;SIN_EVIDENCIA;
610;Jugo envasado de naranja;63.0;5;5;317.5;192.8;907.2;2.25;REVISAR_MANUAL_alta_dispersion;
355;Maní tostado;87.0;5;5;453.6;453.0;453.6;0.0;ALTA_CONFIANZA;
265;Queso de hoja;17.0;5;5;453.6;453.6;680.4;0.5;CONFIANZA_MEDIA_variacion_mercado;
569;Caldo de pollo (Sopita Concentrada);87.0;5;5;11.5;11.0;125.0;9.91;REVISAR_MANUAL_alta_dispersion;
245;Leche semidescremada liquida con UHT;87.0;5;5;1000.0;958.2;1000.0;0.04;ALTA_CONFIANZA;
280;Crema de leche;63.0;5;5;300.0;300.0;315.0;0.05;ALTA_CONFIANZA;
573;Compota;56.0;5;5;113.0;113.0;113.0;0.0;ALTA_CONFIANZA;
549;Salsa francesa;98.0;5;5;57.0;56.7;57.0;0.01;ALTA_CONFIANZA;
552;Sazón en polvo;47.0;5;5;11.0;10.0;11.0;0.09;ALTA_CONFIANZA;
555;Vinagre blanco;20.0;5;5;453.6;226.8;453.6;0.5;CONFIANZA_MEDIA_variacion_mercado;
330;Limoncillo;8.0;5;0;;;;;SIN_EVIDENCIA;
259;Suplementos alimenticios (Ensure y similares);98.0;5;5;237.0;237.0;237.0;0.0;ALTA_CONFIANZA;
99;Carne preparada para bistec;8.0;5;5;644.1;453.6;680.4;0.35;CONFIANZA_MEDIA_variacion_mercado;
3571;Masa para empanada de harina;56.0;5;1;;;;;SIN_EVIDENCIA;
128;Carne corriente de cerdo;8.0;5;5;1056.9;576.1;1138.5;0.53;CONFIANZA_MEDIA_variacion_mercado;
498;Bombones y chocolates dulces;98.0;5;5;37.0;26.0;44.0;0.49;CONFIANZA_MEDIA_variacion_mercado;
458;Azúcar blanca refinada;8.0;5;5;2268.0;2250.0;2268.0;0.01;ALTA_CONFIANZA;
51;Cazabe;56.0;5;2;;;;;SIN_EVIDENCIA;
3079;Masa de pastelitos;8.0;5;1;;;;;SIN_EVIDENCIA;
436;Alcaparras;87.0;5;3;226.8;143.4;292.0;0.66;CONFIANZA_MEDIA_variacion_mercado;
420;Tomate Barceló o Bugalú;56.0;5;4;453.6;440.2;623.7;0.4;CONFIANZA_MEDIA_variacion_mercado;
423;Vainitas chinas;8.0;5;3;453.6;417.3;453.6;0.08;ALTA_CONFIANZA;
417;Repollo corriente;56.0;5;5;283.5;226.8;340.2;0.4;CONFIANZA_MEDIA_variacion_mercado;
20;Galletas dulces;23.0;5;3;30.0;21.5;35.0;0.45;CONFIANZA_MEDIA_variacion_mercado;
74;Cereales con frutas;63.0;5;5;270.0;270.0;270.0;0.0;ALTA_CONFIANZA;
72;Avena molida saborizada (Frescavena y otras);56.0;5;5;226.8;40.0;550.0;2.25;REVISAR_MANUAL_alta_dispersion;
3813;Linguinis;8.0;5;5;400.0;396.9;400.0;0.01;ALTA_CONFIANZA;
1536;Bicarbonato de sodio;98.0;5;3;10.0;10.0;12.1;0.21;ALTA_CONFIANZA;
620;Jugo de frutas en polvo;87.0;5;5;907.2;450.0;1134.0;0.75;CONFIANZA_MEDIA_variacion_mercado;
501;Paletas, mentas;1.0;5;5;28.0;25.0;28.3;0.12;ALTA_CONFIANZA;
177;Salami corriente;1.0;5;5;1360.8;535.2;1360.8;0.61;CONFIANZA_MEDIA_variacion_mercado;
120;Carne de pavo;8.0;5;5;453.6;290.3;920.8;1.39;REVISAR_MANUAL_alta_dispersion;
619;Jugo envasado de Cranberry;87.0;5;5;500.0;430.9;1814.4;2.77;REVISAR_MANUAL_alta_dispersion;
392;Ají grande (cubanela);1.0;5;4;90.7;82.2;102.1;0.22;ALTA_CONFIANZA;
482;Flan enlatado;63.0;5;5;155.0;155.0;155.0;0.0;ALTA_CONFIANZA;
174;Longaniza;8.0;5;5;680.4;508.0;907.2;0.59;CONFIANZA_MEDIA_variacion_mercado;
600;Jugo concentrado de naranja;87.0;5;5;300.0;236.0;450.0;0.71;CONFIANZA_MEDIA_variacion_mercado;
620;Jugo de frutas en polvo;8.0;5;5;35.0;35.0;35.0;0.0;ALTA_CONFIANZA;
541;Mayonesa;56.0;4;4;30.0;29.6;36.7;0.24;ALTA_CONFIANZA;
527;Malagueta;8.0;4;2;;;;;SIN_EVIDENCIA;
366;Habichuelas blancas secas;63.0;4;4;425.2;425.2;432.3;0.02;ALTA_CONFIANZA;
359;Cocos secos;56.0;4;0;;;;;SIN_EVIDENCIA;
303;Margarina;14.0;4;4;156.5;112.2;256.2;0.92;CONFIANZA_MEDIA_variacion_mercado;
242;Leche fresca o cruda de vaca;60.0;4;4;1000.0;1000.0;1000.0;0.0;ALTA_CONFIANZA;
606;Jugo envasado de chinola;20.0;4;4;400.0;400.0;413.4;0.03;ALTA_CONFIANZA;
373;Garbanzos;63.0;4;4;425.1;375.4;425.2;0.12;ALTA_CONFIANZA;
376;Guandules verdes desgranados;115.0;4;0;;;;;SIN_EVIDENCIA;
507;Sal marina;98.0;4;4;453.6;453.6;453.6;0.0;ALTA_CONFIANZA;
257;Leche maternizada (sustituto de lactancia materna, hasta 1 año);56.0;4;4;1500.0;631.2;2200.0;1.05;REVISAR_MANUAL_alta_dispersion;
581;Café molido;1.0;4;4;28.3;28.3;28.3;0.0;ALTA_CONFIANZA;
253;Leche en polvo descremada;31.0;4;4;979.1;958.2;1000.0;0.04;ALTA_CONFIANZA;
259;Suplementos alimenticios (Ensure y similares);20.0;4;4;226.8;226.8;229.3;0.01;ALTA_CONFIANZA;
551;Salsa picante;87.0;4;3;185.0;163.4;205.9;0.23;ALTA_CONFIANZA;
328;Limón agrio;56.0;4;4;453.6;416.2;643.0;0.5;CONFIANZA_MEDIA_variacion_mercado;
553;Sazón líquido;20.0;4;4;1446.4;860.0;1892.7;0.71;CONFIANZA_MEDIA_variacion_mercado;
314;Plátano verde;56.0;4;3;1306.3;665.7;1326.8;0.51;CONFIANZA_MEDIA_variacion_mercado;
296;Aceite de maíz;20.0;4;4;453.6;453.6;581.2;0.28;ALTA_CONFIANZA;
314;Plátano verde;66.0;4;0;;;;;SIN_EVIDENCIA;
569;Caldo de pollo (Sopita Concentrada);56.0;4;4;9.5;9.0;24.0;1.58;REVISAR_MANUAL_alta_dispersion;
323;Guineo maduro (banano);56.0;4;4;557.9;471.7;646.4;0.31;CONFIANZA_MEDIA_variacion_mercado;
58;Harina de trigo;97.0;4;4;9071.8;9071.8;9071.8;0.0;ALTA_CONFIANZA;
58;Harina de trigo;25.0;4;4;176.3;101.9;225.4;0.7;CONFIANZA_MEDIA_variacion_mercado;
5752;Caldo de pollo en polvo;47.0;4;4;11.0;11.0;11.0;0.0;ALTA_CONFIANZA;
410;Ajo;56.0;4;4;201.8;161.0;283.5;0.61;CONFIANZA_MEDIA_variacion_mercado;
6304;Royal (levadura);98.0;4;2;;;;;SIN_EVIDENCIA;
6469;Té frio envasado;87.0;4;4;400.0;375.0;400.0;0.06;ALTA_CONFIANZA;
6553;Sardinas en salsa de coco;63.0;4;4;425.1;372.5;437.7;0.15;ALTA_CONFIANZA;
368;Habichuelas pintas secas;8.0;4;4;853.6;800.0;907.2;0.13;ALTA_CONFIANZA;
9;Pan integral;8.0;4;2;;;;;SIN_EVIDENCIA;
178;Salami súper especial;1.0;4;4;1247.4;1105.6;1389.1;0.23;ALTA_CONFIANZA;
649;Malta;23.0;4;4;226.8;226.8;258.8;0.14;ALTA_CONFIANZA;
645;Cerveza clara;63.0;4;4;283.5;226.8;368.5;0.5;CONFIANZA_MEDIA_variacion_mercado;
228;Arenque;8.0;4;3;907.2;907.2;1587.6;0.75;CONFIANZA_MEDIA_variacion_mercado;
237;Sardinas en salsa de tomate;98.0;4;4;113.4;99.3;179.3;0.71;CONFIANZA_MEDIA_variacion_mercado;
242;Leche fresca o cruda de vaca;31.0;4;4;739.7;422.0;1000.0;0.78;CONFIANZA_MEDIA_variacion_mercado;
78;Cereales integrales (corn flakes integral, bran flakes y demás);23.0;4;4;362.5;350.0;408.8;0.16;ALTA_CONFIANZA;
77;Granola;56.0;4;4;35.0;28.8;86.7;1.66;REVISAR_MANUAL_alta_dispersion;
463;Azúcar dietética y sucedáneos del azúcar (Splenda y otros similares);23.0;4;4;1.0;1.0;25.8;24.75;REVISAR_MANUAL_alta_dispersion;
395;Ají morrón;56.0;4;4;226.8;221.1;240.4;0.08;ALTA_CONFIANZA;
499;Caramelos, chicles;8.0;4;2;;;;;SIN_EVIDENCIA;
620;Jugo de frutas en polvo;56.0;4;4;32.5;27.5;76.2;1.5;REVISAR_MANUAL_alta_dispersion;
639;Vino blanco;20.0;4;4;750.0;650.0;750.0;0.13;ALTA_CONFIANZA;
499;Caramelos, chicles;56.0;4;4;3.9;3.6;4.2;0.17;ALTA_CONFIANZA;
122;Molleja de pollo;8.0;4;4;557.9;444.5;623.7;0.32;CONFIANZA_MEDIA_variacion_mercado;
615;Jugo envasado de uvas;20.0;4;4;200.0;200.0;263.4;0.32;CONFIANZA_MEDIA_variacion_mercado;
208;Merluza;8.0;4;3;907.2;793.8;907.2;0.13;ALTA_CONFIANZA;
611;Jugo envasado de pera;20.0;4;4;451.8;387.5;465.2;0.17;ALTA_CONFIANZA;
182;Salchichas de carne de cerdo;8.0;4;2;;;;;SIN_EVIDENCIA;
3498;Galletas de huevo;56.0;4;0;;;;;SIN_EVIDENCIA;
660;Estupefacientes: marihuana, opio, cocaína y sus derivados;56.0;4;0;;;;;SIN_EVIDENCIA;
2672;Jugo de pera-piña;20.0;4;4;453.6;453.6;453.6;0.0;ALTA_CONFIANZA;
4379;Alhucema;98.0;4;4;17.0;5.7;35.4;1.75;REVISAR_MANUAL_alta_dispersion;
4199;Salchicha de pollo;63.0;4;4;136.1;126.3;141.7;0.11;ALTA_CONFIANZA;
4461;Pasa deshidratada;8.0;4;4;453.6;396.9;555.7;0.35;CONFIANZA_MEDIA_variacion_mercado;
4886;Salsa BBQ;87.0;4;4;510.3;510.2;517.2;0.01;ALTA_CONFIANZA;
86;Coditos;23.0;4;4;206.0;204.5;267.9;0.31;CONFIANZA_MEDIA_variacion_mercado;
3506;Bizcocho envasado de vainilla;23.0;4;1;;;;;SIN_EVIDENCIA;
3501;Pan de hamburguer;56.0;4;1;;;;;SIN_EVIDENCIA;
3506;Bizcocho envasado de vainilla;1.0;4;2;;;;;SIN_EVIDENCIA;
447;Maíz enlatado;31.0;4;4;311.8;226.8;411.1;0.59;CONFIANZA_MEDIA_variacion_mercado;
69;Arroz integral;56.0;4;4;680.4;434.7;1247.4;1.19;REVISAR_MANUAL_alta_dispersion;
3809;Macarroni & Cheese;31.0;4;4;233.0;198.8;260.0;0.26;ALTA_CONFIANZA;
3812;Mostachones;8.0;4;4;400.0;400.0;413.4;0.03;ALTA_CONFIANZA;
3992;Manzana roja;8.0;4;3;680.4;673.6;1084.1;0.6;CONFIANZA_MEDIA_variacion_mercado;
430;Molondrones;56.0;4;3;453.6;453.6;793.8;0.75;CONFIANZA_MEDIA_variacion_mercado;
413;Espinaca;8.0;4;4;533.0;396.9;799.5;0.76;CONFIANZA_MEDIA_variacion_mercado;
6031;Gomitas dulces;8.0;4;3;40.0;30.5;246.8;5.41;REVISAR_MANUAL_alta_dispersion;
323;Guineo maduro (banano);66.0;3;0;;;;;SIN_EVIDENCIA;
60;Harina de panqueques;56.0;3;3;350.0;260.0;523.7;0.75;CONFIANZA_MEDIA_variacion_mercado;
264;Queso crema;105.0;3;3;300.0;245.0;320.1;0.25;ALTA_CONFIANZA;
4460;Ciruela deshidratada;8.0;3;3;399.2;360.6;426.4;0.16;ALTA_CONFIANZA;
76;Corn Flakes (incluye rice flakes, cereales de chocolates, frutas y demás);63.0;3;3;198.4;176.7;249.2;0.37;CONFIANZA_MEDIA_variacion_mercado;
257;Leche maternizada (sustituto de lactancia materna, hasta 1 año);23.0;3;3;935.5;867.8;938.3;0.08;ALTA_CONFIANZA;
76;Corn Flakes (incluye rice flakes, cereales de chocolates, frutas y demás);25.0;3;3;226.8;226.8;348.4;0.54;CONFIANZA_MEDIA_variacion_mercado;
3810;Espirales;23.0;3;3;350.0;325.0;401.8;0.22;ALTA_CONFIANZA;
447;Maíz enlatado;60.0;3;3;226.8;226.8;340.2;0.5;CONFIANZA_MEDIA_variacion_mercado;
552;Sazón en polvo;23.0;3;3;40.0;25.0;147.6;3.07;REVISAR_MANUAL_alta_dispersion;
336;Naranja agria;98.0;3;3;25.0;18.0;32.5;0.58;CONFIANZA_MEDIA_variacion_mercado;
441;Habichuelas blancas enlatadas (alubias);63.0;3;3;396.9;311.8;418.2;0.27;ALTA_CONFIANZA;
488;Esquimalito;56.0;3;2;;;;;SIN_EVIDENCIA;
400;Zanahoria;56.0;3;3;626.0;426.4;628.2;0.32;CONFIANZA_MEDIA_variacion_mercado;
476;Habichuelas con dulce;115.0;3;3;453.6;453.6;453.6;0.0;ALTA_CONFIANZA;
427;Lechuga repollada;56.0;3;3;793.8;471.7;1036.5;0.71;CONFIANZA_MEDIA_variacion_mercado;
396;Apio planta, apio gusto;92.0;3;0;;;;;SIN_EVIDENCIA;
559;Bija entera en granos;98.0;3;1;;;;;SIN_EVIDENCIA;
375;Guandules secos;60.0;3;0;;;;;SIN_EVIDENCIA;
4460;Ciruela deshidratada;56.0;3;3;200.0;190.0;326.8;0.68;CONFIANZA_MEDIA_variacion_mercado;
4076;Mabí de naranja servido;20.0;3;3;340.2;340.2;396.9;0.17;ALTA_CONFIANZA;
214;Tilapia;8.0;3;1;;;;;SIN_EVIDENCIA;
493;Helados de sabores artificiales;105.0;3;3;200.0;156.7;270.1;0.57;CONFIANZA_MEDIA_variacion_mercado;
259;Suplementos alimenticios (Ensure y similares);55.0;3;3;237.0;237.0;237.0;0.0;ALTA_CONFIANZA;
493;Helados de sabores artificiales;56.0;3;2;;;;;SIN_EVIDENCIA;
404;Berro;8.0;3;0;;;;;SIN_EVIDENCIA;
499;Caramelos, chicles;98.0;3;3;10.2;9.1;13.7;0.45;CONFIANZA_MEDIA_variacion_mercado;
237;Sardinas en salsa de tomate;23.0;3;3;456.0;327.2;456.0;0.28;ALTA_CONFIANZA;
634;Clerén;87.0;3;0;;;;;SIN_EVIDENCIA;
643;Sangría;20.0;3;3;700.0;700.0;700.0;0.0;ALTA_CONFIANZA;
245;Leche semidescremada liquida con UHT;63.0;3;3;315.0;230.0;315.0;0.27;ALTA_CONFIANZA;
105;Bistec de palomilla;8.0;3;2;;;;;SIN_EVIDENCIA;
4896;Sirup para panques;87.0;3;3;680.4;517.7;793.8;0.41;CONFIANZA_MEDIA_variacion_mercado;
245;Leche semidescremada liquida con UHT;20.0;3;3;1000.0;1000.0;1000.0;0.0;ALTA_CONFIANZA;
2775;Fécula de maíz (Maicena);23.0;3;3;70.0;36.2;70.0;0.48;CONFIANZA_MEDIA_variacion_mercado;
2775;Fécula de maíz (Maicena);25.0;3;3;90.0;80.0;1037.2;10.64;REVISAR_MANUAL_alta_dispersion;
263;Queso blanco de freír;8.0;3;3;313.0;288.0;358.3;0.22;ALTA_CONFIANZA;
3073;Guandules blanditos;60.0;3;0;;;;;SIN_EVIDENCIA;
656;Tabaco para masticar;56.0;3;1;;;;;SIN_EVIDENCIA;
457;Papas fritas (snack y picaderas);87.0;3;3;127.0;125.5;188.5;0.5;CONFIANZA_MEDIA_variacion_mercado;
544;Aderezos para sándwich;55.0;3;3;226.8;226.8;340.2;0.5;CONFIANZA_MEDIA_variacion_mercado;
74;Cereales con frutas;23.0;3;3;450.0;375.0;450.0;0.17;ALTA_CONFIANZA;
113;Filete de pechuga (deshuesada) de pollo;8.0;3;3;734.8;718.9;1533.1;1.11;REVISAR_MANUAL_alta_dispersion;
598;Jugo concentrado de fruit-punch;20.0;3;3;500.0;375.0;533.5;0.32;CONFIANZA_MEDIA_variacion_mercado;
254;Leche evaporada;98.0;3;3;325.0;175.5;342.5;0.51;CONFIANZA_MEDIA_variacion_mercado;
77;Granola;8.0;3;3;184.0;109.5;218.2;0.59;CONFIANZA_MEDIA_variacion_mercado;
5834;Avena integral;56.0;3;3;500.0;387.5;575.0;0.38;CONFIANZA_MEDIA_variacion_mercado;
178;Salami súper especial;79.0;3;3;453.6;317.5;453.6;0.3;CONFIANZA_MEDIA_variacion_mercado;
293;Aceite de soya;115.0;3;3;226.8;170.1;226.8;0.25;ALTA_CONFIANZA;
5864;Fresalina;63.0;3;3;200.0;200.0;200.0;0.0;ALTA_CONFIANZA;
578;Gelatina en polvo;8.0;3;2;;;;;SIN_EVIDENCIA;
590;Soda amarga;87.0;3;3;453.6;426.8;476.8;0.11;ALTA_CONFIANZA;
587;Cocoa y chocolate en polvo;105.0;3;3;226.8;213.4;567.0;1.56;REVISAR_MANUAL_alta_dispersion;
561;Extracto de vainilla;87.0;3;3;141.7;99.2;297.7;1.4;REVISAR_MANUAL_alta_dispersion;
610;Jugo envasado de naranja;1.0;3;3;425.2;312.6;439.4;0.3;CONFIANZA_MEDIA_variacion_mercado;
410;Ajo;47.0;3;3;4.0;4.0;7.5;0.88;CONFIANZA_MEDIA_variacion_mercado;
8392;Mabí de tamarindo;20.0;3;3;453.6;368.5;453.6;0.19;ALTA_CONFIANZA;
78;Cereales integrales (corn flakes integral, bran flakes y demás);56.0;3;3;1088.6;644.3;1678.3;0.95;CONFIANZA_MEDIA_variacion_mercado;
615;Jugo envasado de uvas;87.0;3;3;250.0;238.4;350.0;0.45;CONFIANZA_MEDIA_variacion_mercado;
7372;Vinagre de manzana;87.0;3;3;141.7;99.2;297.7;1.4;REVISAR_MANUAL_alta_dispersion;
6653;Cazabe con ajo;8.0;3;2;;;;;SIN_EVIDENCIA;
606;Jugo envasado de chinola;87.0;3;3;226.8;213.4;1927.8;7.56;REVISAR_MANUAL_alta_dispersion;
5908;Almendras;56.0;3;2;;;;;SIN_EVIDENCIA;
3585;Habichuela roja con coco en lata;63.0;3;3;425.0;325.9;425.1;0.23;ALTA_CONFIANZA;
243;Leche entera liquida con UHT;1.0;3;3;453.6;326.0;726.8;0.88;CONFIANZA_MEDIA_variacion_mercado;
655;Tabaco en andullo;98.0;3;2;;;;;SIN_EVIDENCIA;
548;Preparado líquido de Salsa de tomate (Ragú y similares);63.0;3;3;227.0;226.9;227.0;0.0;ALTA_CONFIANZA;
600;Jugo concentrado de naranja;20.0;3;3;226.8;226.8;226.8;0.0;ALTA_CONFIANZA;
303;Margarina;56.0;3;3;40.0;30.0;40.0;0.25;ALTA_CONFIANZA;
551;Salsa picante;20.0;3;3;141.7;141.7;141.7;0.0;ALTA_CONFIANZA;
612;Jugo envasado de piña;87.0;3;3;340.2;340.2;420.1;0.23;ALTA_CONFIANZA;
18;Galletas de harina / Galleta de manteca;1.0;3;0;;;;;SIN_EVIDENCIA;
356;Nueces y semillas surtidas;98.0;3;1;;;;;SIN_EVIDENCIA;
6454;Leche líquida saborizada sin lactosa;23.0;3;3;958.2;958.2;958.2;0.0;ALTA_CONFIANZA;
532;Pimienta en polvo;87.0;3;2;;;;;SIN_EVIDENCIA;
563;Pimienta en granos;56.0;3;2;;;;;SIN_EVIDENCIA;
6105;Jugo envasado de limón;87.0;3;3;453.6;340.2;680.4;0.75;CONFIANZA_MEDIA_variacion_mercado;
368;Habichuelas pintas secas;60.0;3;3;226.8;226.8;226.8;0.0;ALTA_CONFIANZA;
554;Vinagre dorado;8.0;3;3;113.4;60.4;283.5;1.97;REVISAR_MANUAL_alta_dispersion;
21;Galletas integrales;23.0;3;3;33.5;29.8;33.8;0.12;ALTA_CONFIANZA;
295;Aceite de coco;87.0;3;3;226.8;172.4;226.8;0.24;ALTA_CONFIANZA;
598;Jugo concentrado de fruit-punch;31.0;3;3;226.8;221.1;340.2;0.52;CONFIANZA_MEDIA_variacion_mercado;
527;Malagueta;56.0;3;1;;;;;SIN_EVIDENCIA;
6469;Té frio envasado;20.0;3;3;400.0;400.0;450.0;0.12;ALTA_CONFIANZA;
613;Jugo envasado de tamarindo;31.0;3;3;200.0;200.0;241.7;0.21;ALTA_CONFIANZA;
259;Suplementos alimenticios (Ensure y similares);23.0;2;2;;;;;SIN_EVIDENCIA;
247;Leche descremada liquida con UHT;63.0;2;2;;;;;SIN_EVIDENCIA;
237;Sardinas en salsa de tomate;60.0;2;2;;;;;SIN_EVIDENCIA;
609;Jugo envasado de melocotón;63.0;2;2;;;;;SIN_EVIDENCIA;
523;Canela en astilla;48.0;2;2;;;;;SIN_EVIDENCIA;
181;Salchichas alemanas, suizas;63.0;2;2;;;;;SIN_EVIDENCIA;
182;Salchichas de carne de cerdo;63.0;2;2;;;;;SIN_EVIDENCIA;
186;Salchichas de carne de pavo;63.0;2;2;;;;;SIN_EVIDENCIA;
612;Jugo envasado de piña;63.0;2;2;;;;;SIN_EVIDENCIA;
242;Leche fresca o cruda de vaca;23.0;2;2;;;;;SIN_EVIDENCIA;
587;Cocoa y chocolate en polvo;8.0;2;2;;;;;SIN_EVIDENCIA;
341;Uvas rojas;8.0;2;2;;;;;SIN_EVIDENCIA;
322;Guayaba;56.0;2;0;;;;;SIN_EVIDENCIA;
323;Guineo maduro (banano);8.0;2;2;;;;;SIN_EVIDENCIA;
541;Mayonesa;105.0;2;2;;;;;SIN_EVIDENCIA;
260;Queso cheddar amarillo;79.0;2;0;;;;;SIN_EVIDENCIA;
262;Queso blanco corriente;8.0;2;2;;;;;SIN_EVIDENCIA;
581;Café molido;48.0;2;2;;;;;SIN_EVIDENCIA;
586;Chocolate en barra;1.0;2;2;;;;;SIN_EVIDENCIA;
245;Leche semidescremada liquida con UHT;23.0;2;2;;;;;SIN_EVIDENCIA;
600;Jugo concentrado de naranja;23.0;2;2;;;;;SIN_EVIDENCIA;
260;Queso cheddar amarillo;1.0;2;2;;;;;SIN_EVIDENCIA;
322;Guayaba;8.0;2;1;;;;;SIN_EVIDENCIA;
415;Puerro;8.0;2;0;;;;;SIN_EVIDENCIA;
23;Galletas saladas;63.0;2;2;;;;;SIN_EVIDENCIA;
23;Galletas saladas;87.0;2;2;;;;;SIN_EVIDENCIA;
560;Canela en polvo;87.0;2;2;;;;;SIN_EVIDENCIA;
306;Mantequilla de maní;105.0;2;2;;;;;SIN_EVIDENCIA;
566;Vainilla negra;20.0;2;2;;;;;SIN_EVIDENCIA;
307;Mantequilla;25.0;2;2;;;;;SIN_EVIDENCIA;
299;Aceite de maní;87.0;2;2;;;;;SIN_EVIDENCIA;
293;Aceite de soya;63.0;2;2;;;;;SIN_EVIDENCIA;
565;Vainilla blanca;20.0;2;2;;;;;SIN_EVIDENCIA;
297;Aceite de oliva;105.0;2;2;;;;;SIN_EVIDENCIA;
569;Caldo de pollo (Sopita Concentrada);31.0;2;2;;;;;SIN_EVIDENCIA;
5743;Mashmellow;56.0;2;2;;;;;SIN_EVIDENCIA;
282;Leche de coco;60.0;2;2;;;;;SIN_EVIDENCIA;
579;Snacks y picaderas de todo tipo (excepto papitas fritas);99.0;2;2;;;;;SIN_EVIDENCIA;
573;Compota;1.0;2;2;;;;;SIN_EVIDENCIA;
573;Compota;105.0;2;2;;;;;SIN_EVIDENCIA;
578;Gelatina en polvo;56.0;2;2;;;;;SIN_EVIDENCIA;
328;Limón agrio;8.0;2;2;;;;;SIN_EVIDENCIA;
330;Limoncillo;56.0;2;0;;;;;SIN_EVIDENCIA;
346;Pera;8.0;2;2;;;;;SIN_EVIDENCIA;
269;Queso picantino parmesano rallado;56.0;2;2;;;;;SIN_EVIDENCIA;
575;Cremora;55.0;2;2;;;;;SIN_EVIDENCIA;
576;Polvo para hornear;98.0;2;1;;;;;SIN_EVIDENCIA;
281;Leche de soya;31.0;2;2;;;;;SIN_EVIDENCIA;
556;Vinagre balsámico;98.0;2;2;;;;;SIN_EVIDENCIA;
600;Jugo concentrado de naranja;98.0;2;2;;;;;SIN_EVIDENCIA;
221;Camarones;56.0;2;2;;;;;SIN_EVIDENCIA;
599;Jugo concentrado de guayaba;31.0;2;2;;;;;SIN_EVIDENCIA;
459;Azúcar morena;98.0;2;1;;;;;SIN_EVIDENCIA;
395;Ají morrón;8.0;2;1;;;;;SIN_EVIDENCIA;
396;Apio planta, apio gusto;12.0;2;1;;;;;SIN_EVIDENCIA;
392;Ají grande (cubanela);56.0;2;2;;;;;SIN_EVIDENCIA;
5212;Queso fundido;87.0;2;2;;;;;SIN_EVIDENCIA;
5692;Té frio en polvo;8.0;2;2;;;;;SIN_EVIDENCIA;
4398;Chenchen;56.0;2;2;;;;;SIN_EVIDENCIA;
5732;Chía (semilla);56.0;2;2;;;;;SIN_EVIDENCIA;
434;Aceitunas verdes rellenas;87.0;2;2;;;;;SIN_EVIDENCIA;
410;Ajo;87.0;2;2;;;;;SIN_EVIDENCIA;
435;Alcaparrado (aceitunas y alcaparras);56.0;2;0;;;;;SIN_EVIDENCIA;
429;Zucchini;8.0;2;2;;;;;SIN_EVIDENCIA;
430;Molondrones;8.0;2;2;;;;;SIN_EVIDENCIA;
5049;Jugo envasado de cereza;23.0;2;2;;;;;SIN_EVIDENCIA;
53;Tortilla de maíz (para tacos);98.0;2;1;;;;;SIN_EVIDENCIA;
58;Harina de trigo;8.0;2;2;;;;;SIN_EVIDENCIA;
58;Harina de trigo;98.0;2;2;;;;;SIN_EVIDENCIA;
5042;Palitos de ajo;8.0;2;1;;;;;SIN_EVIDENCIA;
5212;Queso fundido;63.0;2;2;;;;;SIN_EVIDENCIA;
404;Berro;56.0;2;1;;;;;SIN_EVIDENCIA;
408;Cebolla roja;56.0;2;2;;;;;SIN_EVIDENCIA;
433;Aceitunas verdes con semillas;55.0;2;2;;;;;SIN_EVIDENCIA;
434;Aceitunas verdes rellenas;98.0;2;0;;;;;SIN_EVIDENCIA;
324;Guineo verde (guineíto);1.0;2;0;;;;;SIN_EVIDENCIA;
552;Sazón en polvo;48.0;2;2;;;;;SIN_EVIDENCIA;
3925;Cranberry (fruta);8.0;2;1;;;;;SIN_EVIDENCIA;
401;Tomates de ensalada;56.0;2;2;;;;;SIN_EVIDENCIA;
469;Mermeladas, dietéticas o no, jarabe de fructuosa;87.0;2;1;;;;;SIN_EVIDENCIA;
66;Arroz selecto;87.0;2;2;;;;;SIN_EVIDENCIA;
67;Arroz corriente;8.0;2;2;;;;;SIN_EVIDENCIA;
3810;Espirales;8.0;2;2;;;;;SIN_EVIDENCIA;
76;Corn Flakes (incluye rice flakes, cereales de chocolates, frutas y demás);60.0;2;2;;;;;SIN_EVIDENCIA;
4702;Helado en paleta a base de leche;56.0;2;0;;;;;SIN_EVIDENCIA;
62;Sémola de maíz;56.0;2;2;;;;;SIN_EVIDENCIA;
73;Cereales de arroz;56.0;2;2;;;;;SIN_EVIDENCIA;
501;Paletas, mentas;8.0;2;1;;;;;SIN_EVIDENCIA;
60;Harina de panqueques;23.0;2;2;;;;;SIN_EVIDENCIA;
4611;Donas de azucar;23.0;2;0;;;;;SIN_EVIDENCIA;
4149;Galletas rellenas de queso;23.0;2;1;;;;;SIN_EVIDENCIA;
4149;Galletas rellenas de queso;56.0;2;2;;;;;SIN_EVIDENCIA;
4199;Salchicha de pollo;8.0;2;1;;;;;SIN_EVIDENCIA;
4261;Aceite de ajonjolí;87.0;2;2;;;;;SIN_EVIDENCIA;
4374;Agrio de naranja;20.0;2;2;;;;;SIN_EVIDENCIA;
4406;Maíz triturado (para chaca, chenchén, etc.);56.0;2;2;;;;;SIN_EVIDENCIA;
2551;Guandules con coco;60.0;2;2;;;;;SIN_EVIDENCIA;
645;Cerveza clara;1.0;2;2;;;;;SIN_EVIDENCIA;
645;Cerveza clara;8.0;2;1;;;;;SIN_EVIDENCIA;
491;Helados de fruta a base de leche;25.0;2;1;;;;;SIN_EVIDENCIA;
502;Sirope de chocolate;87.0;2;2;;;;;SIN_EVIDENCIA;
3807;Macarrones;25.0;2;2;;;;;SIN_EVIDENCIA;
5882;Bizcocho envasado de maíz;98.0;2;2;;;;;SIN_EVIDENCIA;
6579;Mabí de chinola;87.0;2;2;;;;;SIN_EVIDENCIA;
57;Maicena (fécula de maíz) /Maicera (harina de maíz procesada);31.0;2;2;;;;;SIN_EVIDENCIA;
8201;Mabí de chinola sin envasar;20.0;2;2;;;;;SIN_EVIDENCIA;
403;Berenjena corriente;1.0;2;2;;;;;SIN_EVIDENCIA;
403;Berenjena corriente;8.0;2;1;;;;;SIN_EVIDENCIA;
281;Leche de soya;63.0;2;2;;;;;SIN_EVIDENCIA;
22;Galletas María;8.0;2;1;;;;;SIN_EVIDENCIA;
23;Galletas saladas;23.0;2;2;;;;;SIN_EVIDENCIA;
5864;Fresalina;87.0;2;2;;;;;SIN_EVIDENCIA;
24;Galletas de Avena / Granola;56.0;2;1;;;;;SIN_EVIDENCIA;
2;Pan sobado;98.0;2;2;;;;;SIN_EVIDENCIA;
547;Salsa Alfredo, de queso y similares;98.0;2;2;;;;;SIN_EVIDENCIA;
19;Galletas de soda;1.0;2;2;;;;;SIN_EVIDENCIA;
6545;Mabí de limón;87.0;2;2;;;;;SIN_EVIDENCIA;
6199;Costillita ahumada;8.0;2;2;;;;;SIN_EVIDENCIA;
6440;Bizcocho envasado con mermelada;56.0;2;2;;;;;SIN_EVIDENCIA;
5958;Tortilla de trigo;8.0;2;1;;;;;SIN_EVIDENCIA;
6456;Leche en polvo entera sin lactosa;56.0;2;2;;;;;SIN_EVIDENCIA;
6105;Jugo envasado de limón;20.0;2;2;;;;;SIN_EVIDENCIA;
6;Pan baguette blanco;56.0;2;0;;;;;SIN_EVIDENCIA;
6;Pan baguette blanco;117.0;2;2;;;;;SIN_EVIDENCIA;
17;Galletas con ajonjolí;56.0;2;2;;;;;SIN_EVIDENCIA;
307;Mantequilla;87.0;2;2;;;;;SIN_EVIDENCIA;
313;Plátano maduro;56.0;2;2;;;;;SIN_EVIDENCIA;
556;Vinagre balsámico;20.0;2;2;;;;;SIN_EVIDENCIA;
5876;Linaza;56.0;2;1;;;;;SIN_EVIDENCIA;
185;Salchichas tipo Viena;8.0;2;1;;;;;SIN_EVIDENCIA;
624;Ron blanco;33.0;2;2;;;;;SIN_EVIDENCIA;
649;Malta;1.0;2;2;;;;;SIN_EVIDENCIA;
649;Malta;63.0;2;2;;;;;SIN_EVIDENCIA;
652;Cigarrillos con filtro;8.0;2;0;;;;;SIN_EVIDENCIA;
656;Tabaco para masticar;98.0;2;2;;;;;SIN_EVIDENCIA;
132;Costillas-pecho de cerdo;8.0;2;2;;;;;SIN_EVIDENCIA;
90;Pastas integrales;8.0;2;2;;;;;SIN_EVIDENCIA;
160;Lacón ahumado;8.0;2;2;;;;;SIN_EVIDENCIA;
498;Bombones y chocolates dulces;1.0;2;2;;;;;SIN_EVIDENCIA;
6986;Bollo de maíz con coco crudo;8.0;2;0;;;;;SIN_EVIDENCIA;
501;Paletas, mentas;25.0;2;2;;;;;SIN_EVIDENCIA;
101;Pecho;8.0;2;2;;;;;SIN_EVIDENCIA;
375;Guandules secos;56.0;2;2;;;;;SIN_EVIDENCIA;
638;Vino tinto;87.0;2;2;;;;;SIN_EVIDENCIA;
356;Nueces y semillas surtidas;8.0;2;0;;;;;SIN_EVIDENCIA;
541;Mayonesa;20.0;2;2;;;;;SIN_EVIDENCIA;
317;Chinola;63.0;2;0;;;;;SIN_EVIDENCIA;
534;Orégano;87.0;2;2;;;;;SIN_EVIDENCIA;
604;Jugo concentrado de uva;31.0;2;2;;;;;SIN_EVIDENCIA;
177;Salami corriente;79.0;2;1;;;;;SIN_EVIDENCIA;
608;Jugo envasado de manzana;8.0;2;2;;;;;SIN_EVIDENCIA;
588;Refrescos;8.0;2;2;;;;;SIN_EVIDENCIA;
177;Salami corriente;8.0;2;2;;;;;SIN_EVIDENCIA;
371;Habichuelas blanditas;56.0;2;2;;;;;SIN_EVIDENCIA;
233;Filete de bacalao;8.0;2;2;;;;;SIN_EVIDENCIA;
373;Garbanzos;56.0;2;2;;;;;SIN_EVIDENCIA;
2668;Café negro;98.0;2;2;;;;;SIN_EVIDENCIA;
108;Carne corriente de res;56.0;2;2;;;;;SIN_EVIDENCIA;
110;Pollo fresco;23.0;2;2;;;;;SIN_EVIDENCIA;
110;Pollo fresco;56.0;2;2;;;;;SIN_EVIDENCIA;
104;Filete;8.0;2;2;;;;;SIN_EVIDENCIA;
3242;Galleta con queso;56.0;2;2;;;;;SIN_EVIDENCIA;
3504;Bizcocho envasado de chocolate;56.0;2;1;;;;;SIN_EVIDENCIA;
2473;Azafrán;23.0;2;2;;;;;SIN_EVIDENCIA;
2473;Azafrán;87.0;2;2;;;;;SIN_EVIDENCIA;
98;Carne no. 7;8.0;2;2;;;;;SIN_EVIDENCIA;
443;Habichuelas rojas enlatadas;60.0;2;2;;;;;SIN_EVIDENCIA;
445;Hongos y champiñones enlatados;63.0;2;2;;;;;SIN_EVIDENCIA;
167;Jamón cocido;8.0;2;2;;;;;SIN_EVIDENCIA;
77;Granola;23.0;2;2;;;;;SIN_EVIDENCIA;
3589;Macarons;23.0;2;2;;;;;SIN_EVIDENCIA;
385;Yuca;56.0;2;2;;;;;SIN_EVIDENCIA;
376;Guandules verdes desgranados;56.0;2;1;;;;;SIN_EVIDENCIA;
525;Clavo dulce;8.0;2;1;;;;;SIN_EVIDENCIA;
350;Cajuil;87.0;2;0;;;;;SIN_EVIDENCIA;
506;Sal molida refinada;105.0;2;2;;;;;SIN_EVIDENCIA;
514;Cilantro;92.0;2;0;;;;;SIN_EVIDENCIA;
518;Hojas de Menta;98.0;2;2;;;;;SIN_EVIDENCIA;
171;Jamón picnic;8.0;2;2;;;;;SIN_EVIDENCIA;
143;Hígado de res;8.0;2;2;;;;;SIN_EVIDENCIA;
625;Ron dorado;87.0;2;2;;;;;SIN_EVIDENCIA;
164;Chorizos;8.0;2;2;;;;;SIN_EVIDENCIA;
477;Majarete;63.0;2;2;;;;;SIN_EVIDENCIA;
14;Pan de sándwich rebanado integral;117.0;1;0;;;;;SIN_EVIDENCIA;
8872;Apio en conserva;87.0;1;1;;;;;SIN_EVIDENCIA;
2;Pan sobado;79.0;1;1;;;;;SIN_EVIDENCIA;
5871;Agua de coco envasada (coco rico);87.0;1;1;;;;;SIN_EVIDENCIA;
5875;Cúrcuma;8.0;1;1;;;;;SIN_EVIDENCIA;
5875;Cúrcuma;98.0;1;1;;;;;SIN_EVIDENCIA;
5876;Linaza;63.0;1;1;;;;;SIN_EVIDENCIA;
5876;Linaza;87.0;1;0;;;;;SIN_EVIDENCIA;
5876;Linaza;98.0;1;1;;;;;SIN_EVIDENCIA;
5882;Bizcocho envasado de maíz;8.0;1;1;;;;;SIN_EVIDENCIA;
5834;Avena integral;8.0;1;1;;;;;SIN_EVIDENCIA;
5834;Avena integral;98.0;1;1;;;;;SIN_EVIDENCIA;
5835;Harina integral;98.0;1;1;;;;;SIN_EVIDENCIA;
5850;Jugo envasado de guayaba;23.0;1;1;;;;;SIN_EVIDENCIA;
5871;Agua de coco envasada (coco rico);20.0;1;1;;;;;SIN_EVIDENCIA;
24;Galletas de Avena / Granola;63.0;1;1;;;;;SIN_EVIDENCIA;
24;Galletas de Avena / Granola;98.0;1;1;;;;;SIN_EVIDENCIA;
24;Galletas de Avena / Granola;105.0;1;0;;;;;SIN_EVIDENCIA;
32;Palomitas de maíz para microondas;8.0;1;1;;;;;SIN_EVIDENCIA;
32;Palomitas de maíz para microondas;98.0;1;0;;;;;SIN_EVIDENCIA;
41;Gofio;56.0;1;1;;;;;SIN_EVIDENCIA;
5790;Pan de linaza;8.0;1;0;;;;;SIN_EVIDENCIA;
21;Galletas integrales;98.0;1;1;;;;;SIN_EVIDENCIA;
410;Ajo;48.0;1;1;;;;;SIN_EVIDENCIA;
412;Coliflor;8.0;1;1;;;;;SIN_EVIDENCIA;
417;Repollo corriente;79.0;1;0;;;;;SIN_EVIDENCIA;
419;Tayota;8.0;1;1;;;;;SIN_EVIDENCIA;
419;Tayota;56.0;1;1;;;;;SIN_EVIDENCIA;
420;Tomate Barceló o Bugalú;82.0;1;0;;;;;SIN_EVIDENCIA;
406;Brócolis y coliflores congelados;8.0;1;1;;;;;SIN_EVIDENCIA;
407;Cebolla blanca;8.0;1;1;;;;;SIN_EVIDENCIA;
53;Tortilla de maíz (para tacos);87.0;1;1;;;;;SIN_EVIDENCIA;
56;Harinas de maíz;23.0;1;1;;;;;SIN_EVIDENCIA;
56;Harinas de maíz;25.0;1;1;;;;;SIN_EVIDENCIA;
23;Galletas saladas;99.0;1;1;;;;;SIN_EVIDENCIA;
420;Tomate Barceló o Bugalú;98.0;1;1;;;;;SIN_EVIDENCIA;
431;Maíz en mazorca tierno;8.0;1;0;;;;;SIN_EVIDENCIA;
431;Maíz en mazorca tierno;56.0;1;1;;;;;SIN_EVIDENCIA;
431;Maíz en mazorca tierno;98.0;1;1;;;;;SIN_EVIDENCIA;
5692;Té frio en polvo;56.0;1;1;;;;;SIN_EVIDENCIA;
5692;Té frio en polvo;105.0;1;1;;;;;SIN_EVIDENCIA;
5717;Casabe con maní;8.0;1;0;;;;;SIN_EVIDENCIA;
4920;Leche líquida con vainilla;31.0;1;1;;;;;SIN_EVIDENCIA;
4999;Kiwi;87.0;1;1;;;;;SIN_EVIDENCIA;
5049;Jugo envasado de cereza;20.0;1;1;;;;;SIN_EVIDENCIA;
5049;Jugo envasado de cereza;63.0;1;1;;;;;SIN_EVIDENCIA;
52;Churros sin relleno;98.0;1;1;;;;;SIN_EVIDENCIA;
5741;Yogurt orgánico;115.0;1;1;;;;;SIN_EVIDENCIA;
5744;Majarete en polvo;23.0;1;1;;;;;SIN_EVIDENCIA;
5752;Caldo de pollo en polvo;23.0;1;1;;;;;SIN_EVIDENCIA;
20;Galletas dulces;1.0;1;1;;;;;SIN_EVIDENCIA;
20;Galletas dulces;14.0;1;1;;;;;SIN_EVIDENCIA;
20;Galletas dulces;31.0;1;1;;;;;SIN_EVIDENCIA;
5049;Jugo envasado de cereza;87.0;1;1;;;;;SIN_EVIDENCIA;
5164;Dulce de cereza;87.0;1;1;;;;;SIN_EVIDENCIA;
293;Aceite de soya;105.0;1;1;;;;;SIN_EVIDENCIA;
293;Aceite de soya;107.0;1;0;;;;;SIN_EVIDENCIA;
294;Aceite de girasol;20.0;1;1;;;;;SIN_EVIDENCIA;
578;Gelatina en polvo;63.0;1;1;;;;;SIN_EVIDENCIA;
578;Gelatina en polvo;87.0;1;1;;;;;SIN_EVIDENCIA;
579;Snacks y picaderas de todo tipo (excepto papitas fritas);63.0;1;1;;;;;SIN_EVIDENCIA;
255;Leche condensada;47.0;1;1;;;;;SIN_EVIDENCIA;
573;Compota;8.0;1;1;;;;;SIN_EVIDENCIA;
294;Aceite de girasol;87.0;1;0;;;;;SIN_EVIDENCIA;
297;Aceite de oliva;56.0;1;1;;;;;SIN_EVIDENCIA;
297;Aceite de oliva;114.0;1;1;;;;;SIN_EVIDENCIA;
299;Aceite de maní;20.0;1;1;;;;;SIN_EVIDENCIA;
299;Aceite de maní;98.0;1;1;;;;;SIN_EVIDENCIA;
287;Huevos criollos (gallina);31.0;1;0;;;;;SIN_EVIDENCIA;
288;Huevos de granja (gallina);23.0;1;0;;;;;SIN_EVIDENCIA;
288;Huevos de granja (gallina);25.0;1;0;;;;;SIN_EVIDENCIA;
565;Vainilla blanca;55.0;1;1;;;;;SIN_EVIDENCIA;
565;Vainilla blanca;56.0;1;1;;;;;SIN_EVIDENCIA;
567;Colorante vegetal;98.0;1;1;;;;;SIN_EVIDENCIA;
569;Caldo de pollo (Sopita Concentrada);24.0;1;1;;;;;SIN_EVIDENCIA;
268;Queso mozzarella;56.0;1;1;;;;;SIN_EVIDENCIA;
269;Queso picantino parmesano rallado;8.0;1;1;;;;;SIN_EVIDENCIA;
558;Bija en polvo;20.0;1;1;;;;;SIN_EVIDENCIA;
561;Extracto de vainilla;98.0;1;0;;;;;SIN_EVIDENCIA;
317;Chinola;8.0;1;1;;;;;SIN_EVIDENCIA;
317;Chinola;25.0;1;1;;;;;SIN_EVIDENCIA;
547;Salsa Alfredo, de queso y similares;55.0;1;1;;;;;SIN_EVIDENCIA;
300;Aceite de canola;56.0;1;1;;;;;SIN_EVIDENCIA;
303;Margarina;48.0;1;1;;;;;SIN_EVIDENCIA;
303;Margarina;60.0;1;1;;;;;SIN_EVIDENCIA;
303;Margarina;114.0;1;1;;;;;SIN_EVIDENCIA;
304;Margarina dietética;105.0;1;1;;;;;SIN_EVIDENCIA;
342;Uvas verdes;8.0;1;1;;;;;SIN_EVIDENCIA;
346;Pera;56.0;1;1;;;;;SIN_EVIDENCIA;
347;Sandía (patilla);8.0;1;1;;;;;SIN_EVIDENCIA;
544;Aderezos para sándwich;63.0;1;1;;;;;SIN_EVIDENCIA;
326;Lechosa;56.0;1;1;;;;;SIN_EVIDENCIA;
328;Limón agrio;1.0;1;0;;;;;SIN_EVIDENCIA;
331;Mandarina;56.0;1;1;;;;;SIN_EVIDENCIA;
341;Uvas rojas;23.0;1;1;;;;;SIN_EVIDENCIA;
545;Pasta de tomate(**);1.0;1;1;;;;;SIN_EVIDENCIA;
545;Pasta de tomate(**);25.0;1;1;;;;;SIN_EVIDENCIA;
545;Pasta de tomate(**);31.0;1;0;;;;;SIN_EVIDENCIA;
545;Pasta de tomate(**);105.0;1;1;;;;;SIN_EVIDENCIA;
546;Salsa china;55.0;1;1;;;;;SIN_EVIDENCIA;
546;Salsa china;56.0;1;1;;;;;SIN_EVIDENCIA;
546;Salsa china;115.0;1;1;;;;;SIN_EVIDENCIA;
341;Uvas rojas;56.0;1;1;;;;;SIN_EVIDENCIA;
269;Queso picantino parmesano rallado;55.0;1;1;;;;;SIN_EVIDENCIA;
275;Yogurt bebible saborizado;56.0;1;1;;;;;SIN_EVIDENCIA;
275;Yogurt bebible saborizado;105.0;1;1;;;;;SIN_EVIDENCIA;
275;Yogurt bebible saborizado;114.0;1;1;;;;;SIN_EVIDENCIA;
356;Nueces y semillas surtidas;105.0;1;1;;;;;SIN_EVIDENCIA;
363;Coctel de Frutas en almíbar;63.0;1;1;;;;;SIN_EVIDENCIA;
365;Ajonjolí;8.0;1;1;;;;;SIN_EVIDENCIA;
544;Aderezos para sándwich;105.0;1;1;;;;;SIN_EVIDENCIA;
573;Compota;20.0;1;1;;;;;SIN_EVIDENCIA;
574;Cremas de vegetales;63.0;1;1;;;;;SIN_EVIDENCIA;
575;Cremora;105.0;1;1;;;;;SIN_EVIDENCIA;
283;Leche de almendra;20.0;1;1;;;;;SIN_EVIDENCIA;
283;Leche de almendra;23.0;1;1;;;;;SIN_EVIDENCIA;
571;Sopa instantánea (sopa china);63.0;1;1;;;;;SIN_EVIDENCIA;
571;Sopa instantánea (sopa china);105.0;1;1;;;;;SIN_EVIDENCIA;
571;Sopa instantánea (sopa china);114.0;1;1;;;;;SIN_EVIDENCIA;
220;Calamares;8.0;1;1;;;;;SIN_EVIDENCIA;
221;Camarones;8.0;1;1;;;;;SIN_EVIDENCIA;
231;Filete de arenque;8.0;1;1;;;;;SIN_EVIDENCIA;
232;Bacalao;87.0;1;0;;;;;SIN_EVIDENCIA;
598;Jugo concentrado de fruit-punch;23.0;1;1;;;;;SIN_EVIDENCIA;
600;Jugo concentrado de naranja;25.0;1;1;;;;;SIN_EVIDENCIA;
602;Jugo concentrado de piña;23.0;1;1;;;;;SIN_EVIDENCIA;
588;Refrescos;63.0;1;1;;;;;SIN_EVIDENCIA;
265;Queso de hoja;63.0;1;1;;;;;SIN_EVIDENCIA;
243;Leche entera liquida con UHT;47.0;1;1;;;;;SIN_EVIDENCIA;
256;Leches reforzadas con hierro y minerales (fórmula infantil),;31.0;1;1;;;;;SIN_EVIDENCIA;
257;Leche maternizada (sustituto de lactancia materna, hasta 1 año);20.0;1;1;;;;;SIN_EVIDENCIA;
257;Leche maternizada (sustituto de lactancia materna, hasta 1 año);98.0;1;1;;;;;SIN_EVIDENCIA;
260;Queso cheddar amarillo;23.0;1;1;;;;;SIN_EVIDENCIA;
212;Salmón;8.0;1;1;;;;;SIN_EVIDENCIA;
212;Salmón;63.0;1;0;;;;;SIN_EVIDENCIA;
581;Café molido;20.0;1;1;;;;;SIN_EVIDENCIA;
582;Café soluble instantáneo;23.0;1;0;;;;;SIN_EVIDENCIA;
243;Leche entera liquida con UHT;98.0;1;0;;;;;SIN_EVIDENCIA;
247;Leche descremada liquida con UHT;8.0;1;1;;;;;SIN_EVIDENCIA;
247;Leche descremada liquida con UHT;20.0;1;1;;;;;SIN_EVIDENCIA;
251;Leche en polvo entera;23.0;1;1;;;;;SIN_EVIDENCIA;
260;Queso cheddar amarillo;56.0;1;1;;;;;SIN_EVIDENCIA;
260;Queso cheddar amarillo;87.0;1;1;;;;;SIN_EVIDENCIA;
323;Guineo maduro (banano);91.0;1;0;;;;;SIN_EVIDENCIA;
276;Yogurt con trozos de frutas;114.0;1;1;;;;;SIN_EVIDENCIA;
277;Yogurt bebible natural;55.0;1;1;;;;;SIN_EVIDENCIA;
280;Crema de leche;23.0;1;1;;;;;SIN_EVIDENCIA;
252;Leche en polvo semidescremada;63.0;1;1;;;;;SIN_EVIDENCIA;
254;Leche evaporada;1.0;1;1;;;;;SIN_EVIDENCIA;
580;Suplementos alimenticios balanceados en polvo (proteínas);63.0;1;1;;;;;SIN_EVIDENCIA;
580;Suplementos alimenticios balanceados en polvo (proteínas);99.0;1;1;;;;;SIN_EVIDENCIA;
366;Habichuelas blancas secas;56.0;1;1;;;;;SIN_EVIDENCIA;
367;Habichuelas negras secas;8.0;1;1;;;;;SIN_EVIDENCIA;
369;Habichuelas rojas secas;60.0;1;1;;;;;SIN_EVIDENCIA;
525;Clavo dulce;56.0;1;1;;;;;SIN_EVIDENCIA;
525;Clavo dulce;87.0;1;1;;;;;SIN_EVIDENCIA;
353;Trozos de caña;8.0;1;0;;;;;SIN_EVIDENCIA;
355;Maní tostado;8.0;1;1;;;;;SIN_EVIDENCIA;
356;Nueces y semillas surtidas;87.0;1;0;;;;;SIN_EVIDENCIA;
319;Fresa;56.0;1;0;;;;;SIN_EVIDENCIA;
528;Nuez moscada;8.0;1;1;;;;;SIN_EVIDENCIA;
528;Nuez moscada;87.0;1;0;;;;;SIN_EVIDENCIA;
529;Manzanilla;8.0;1;0;;;;;SIN_EVIDENCIA;
530;Flor de tilo;8.0;1;0;;;;;SIN_EVIDENCIA;
530;Flor de tilo;56.0;1;0;;;;;SIN_EVIDENCIA;
532;Pimienta en polvo;8.0;1;1;;;;;SIN_EVIDENCIA;
365;Ajonjolí;98.0;1;0;;;;;SIN_EVIDENCIA;
587;Cocoa y chocolate en polvo;23.0;1;1;;;;;SIN_EVIDENCIA;
379;Lentejas;56.0;1;1;;;;;SIN_EVIDENCIA;
379;Lentejas;98.0;1;1;;;;;SIN_EVIDENCIA;
380;Maní con o sin cáscara, sin procesar;87.0;1;0;;;;;SIN_EVIDENCIA;
534;Orégano;8.0;1;0;;;;;SIN_EVIDENCIA;
536;Ajo en pasta;47.0;1;1;;;;;SIN_EVIDENCIA;
536;Ajo en pasta;55.0;1;1;;;;;SIN_EVIDENCIA;
541;Mayonesa;8.0;1;1;;;;;SIN_EVIDENCIA;
588;Refrescos;115.0;1;1;;;;;SIN_EVIDENCIA;
589;Refrescos de dieta;20.0;1;1;;;;;SIN_EVIDENCIA;
589;Refrescos de dieta;87.0;1;1;;;;;SIN_EVIDENCIA;
591;Bebidas energizantes (911, Vive100 y similares);63.0;1;1;;;;;SIN_EVIDENCIA;
597;Jugo concentrado de chinola;20.0;1;1;;;;;SIN_EVIDENCIA;
586;Chocolate en barra;63.0;1;1;;;;;SIN_EVIDENCIA;
586;Chocolate en barra;87.0;1;1;;;;;SIN_EVIDENCIA;
587;Cocoa y chocolate en polvo;20.0;1;1;;;;;SIN_EVIDENCIA;
618;Jugo envasado de Aloe;31.0;1;1;;;;;SIN_EVIDENCIA;
116;Carne molida de pollo;8.0;1;1;;;;;SIN_EVIDENCIA;
117;Carne de gallina;8.0;1;1;;;;;SIN_EVIDENCIA;
209;Mero;8.0;1;1;;;;;SIN_EVIDENCIA;
611;Jugo envasado de pera;98.0;1;1;;;;;SIN_EVIDENCIA;
612;Jugo envasado de piña;20.0;1;1;;;;;SIN_EVIDENCIA;
613;Jugo envasado de tamarindo;87.0;1;1;;;;;SIN_EVIDENCIA;
615;Jugo envasado de uvas;8.0;1;1;;;;;SIN_EVIDENCIA;
234;Mariscos en conserva;8.0;1;1;;;;;SIN_EVIDENCIA;
235;Sardinas en aceite;8.0;1;1;;;;;SIN_EVIDENCIA;
239;Salmón ahumado enlatado;63.0;1;1;;;;;SIN_EVIDENCIA;
242;Leche fresca o cruda de vaca;63.0;1;1;;;;;SIN_EVIDENCIA;
615;Jugo envasado de uvas;98.0;1;1;;;;;SIN_EVIDENCIA;
616;Jugo envasado de coctel de frutas (fruit punch);47.0;1;1;;;;;SIN_EVIDENCIA;
616;Jugo envasado de coctel de frutas (fruit punch);98.0;1;1;;;;;SIN_EVIDENCIA;
616;Jugo envasado de coctel de frutas (fruit punch);115.0;1;1;;;;;SIN_EVIDENCIA;
608;Jugo envasado de manzana;98.0;1;1;;;;;SIN_EVIDENCIA;
609;Jugo envasado de melocotón;8.0;1;1;;;;;SIN_EVIDENCIA;
609;Jugo envasado de melocotón;87.0;1;1;;;;;SIN_EVIDENCIA;
242;Leche fresca o cruda de vaca;114.0;1;1;;;;;SIN_EVIDENCIA;
243;Leche entera liquida con UHT;8.0;1;1;;;;;SIN_EVIDENCIA;
602;Jugo concentrado de piña;31.0;1;1;;;;;SIN_EVIDENCIA;
606;Jugo envasado de chinola;23.0;1;1;;;;;SIN_EVIDENCIA;
606;Jugo envasado de chinola;115.0;1;1;;;;;SIN_EVIDENCIA;
587;Cocoa y chocolate en polvo;48.0;1;1;;;;;SIN_EVIDENCIA;
174;Longaniza;31.0;1;1;;;;;SIN_EVIDENCIA;
174;Longaniza;108.0;1;1;;;;;SIN_EVIDENCIA;
174;Longaniza;113.0;1;1;;;;;SIN_EVIDENCIA;
176;Mortadela;1.0;1;1;;;;;SIN_EVIDENCIA;
178;Salami súper especial;45.0;1;1;;;;;SIN_EVIDENCIA;
608;Jugo envasado de manzana;1.0;1;1;;;;;SIN_EVIDENCIA;
608;Jugo envasado de manzana;63.0;1;1;;;;;SIN_EVIDENCIA;
383;Yautía blanca;56.0;1;1;;;;;SIN_EVIDENCIA;
385;Yuca;1.0;1;1;;;;;SIN_EVIDENCIA;
385;Yuca;8.0;1;1;;;;;SIN_EVIDENCIA;
386;Papas;1.0;1;1;;;;;SIN_EVIDENCIA;
506;Sal molida refinada;63.0;1;1;;;;;SIN_EVIDENCIA;
378;Arvejas;8.0;1;1;;;;;SIN_EVIDENCIA;
378;Arvejas;56.0;1;1;;;;;SIN_EVIDENCIA;
378;Arvejas;63.0;1;1;;;;;SIN_EVIDENCIA;
507;Sal marina;8.0;1;1;;;;;SIN_EVIDENCIA;
509;Pimientos maduros en polvo;98.0;1;0;;;;;SIN_EVIDENCIA;
513;Albahaca;87.0;1;1;;;;;SIN_EVIDENCIA;
515;Cilantrico o verdura;20.0;1;1;;;;;SIN_EVIDENCIA;
515;Cilantrico o verdura;91.0;1;0;;;;;SIN_EVIDENCIA;
515;Cilantrico o verdura;99.0;1;1;;;;;SIN_EVIDENCIA;
380;Maní con o sin cáscara, sin procesar;98.0;1;0;;;;;SIN_EVIDENCIA;
383;Yautía blanca;8.0;1;1;;;;;SIN_EVIDENCIA;
183;Salchichas de hot-dog;23.0;1;1;;;;;SIN_EVIDENCIA;
183;Salchichas de hot-dog;56.0;1;0;;;;;SIN_EVIDENCIA;
493;Helados de sabores artificiales;115.0;1;1;;;;;SIN_EVIDENCIA;
497;Hielo casero;98.0;1;0;;;;;SIN_EVIDENCIA;
522;Anís;56.0;1;1;;;;;SIN_EVIDENCIA;
523;Canela en astilla;53.0;1;0;;;;;SIN_EVIDENCIA;
524;Canelilla;87.0;1;0;;;;;SIN_EVIDENCIA;
351;Carambola;56.0;1;0;;;;;SIN_EVIDENCIA;
186;Salchichas de carne de pavo;8.0;1;0;;;;;SIN_EVIDENCIA;
189;Pepperoni;63.0;1;1;;;;;SIN_EVIDENCIA;
203;Chillo;8.0;1;1;;;;;SIN_EVIDENCIA;
204;Cojinúa;8.0;1;1;;;;;SIN_EVIDENCIA;
206;Colorado;8.0;1;1;;;;;SIN_EVIDENCIA;
207;Dorado;8.0;1;1;;;;;SIN_EVIDENCIA;
207;Dorado;87.0;1;0;;;;;SIN_EVIDENCIA;
178;Salami súper especial;81.0;1;1;;;;;SIN_EVIDENCIA;
133;Carne molida de cerdo;8.0;1;1;;;;;SIN_EVIDENCIA;
134;Patica de cerdo;8.0;1;1;;;;;SIN_EVIDENCIA;
88;Spaghetti;87.0;1;1;;;;;SIN_EVIDENCIA;
89;Tallarines;8.0;1;1;;;;;SIN_EVIDENCIA;
89;Tallarines;23.0;1;1;;;;;SIN_EVIDENCIA;
90;Pastas integrales;23.0;1;1;;;;;SIN_EVIDENCIA;
90;Pastas integrales;56.0;1;1;;;;;SIN_EVIDENCIA;
92;Lasagña;25.0;1;1;;;;;SIN_EVIDENCIA;
158;Hamburguesas para cocinar de carne;8.0;1;1;;;;;SIN_EVIDENCIA;
159;Chuleta ahumada;56.0;1;1;;;;;SIN_EVIDENCIA;
161;Tocineta;8.0;1;1;;;;;SIN_EVIDENCIA;
123;Pico y pala de pollo;8.0;1;1;;;;;SIN_EVIDENCIA;
125;Lomo de Cerdo;8.0;1;1;;;;;SIN_EVIDENCIA;
126;Masa de cerdo;8.0;1;1;;;;;SIN_EVIDENCIA;
127;Pierna de cerdo;8.0;1;1;;;;;SIN_EVIDENCIA;
128;Carne corriente de cerdo;56.0;1;1;;;;;SIN_EVIDENCIA;
161;Tocineta;56.0;1;1;;;;;SIN_EVIDENCIA;
165;Jamón ahumado;8.0;1;1;;;;;SIN_EVIDENCIA;
167;Jamón cocido;79.0;1;0;;;;;SIN_EVIDENCIA;
173;Jamoneta;81.0;1;1;;;;;SIN_EVIDENCIA;
620;Jugo de frutas en polvo;23.0;1;1;;;;;SIN_EVIDENCIA;
143;Hígado de res;31.0;1;1;;;;;SIN_EVIDENCIA;
147;Riñón de res;8.0;1;1;;;;;SIN_EVIDENCIA;
154;Carne ahumada de pollo;8.0;1;1;;;;;SIN_EVIDENCIA;
379;Lentejas;8.0;1;1;;;;;SIN_EVIDENCIA;
183;Salchichas de hot-dog;63.0;1;1;;;;;SIN_EVIDENCIA;
184;Salchichas de freír;63.0;1;1;;;;;SIN_EVIDENCIA;
620;Jugo de frutas en polvo;48.0;1;1;;;;;SIN_EVIDENCIA;
620;Jugo de frutas en polvo;63.0;1;1;;;;;SIN_EVIDENCIA;
622;Ron extra añejo (extra viejo y similares);87.0;1;1;;;;;SIN_EVIDENCIA;
623;Ron añejo;87.0;1;1;;;;;SIN_EVIDENCIA;
627;Rones saborizados;20.0;1;1;;;;;SIN_EVIDENCIA;
501;Paletas, mentas;99.0;1;1;;;;;SIN_EVIDENCIA;
502;Sirope de chocolate;55.0;1;1;;;;;SIN_EVIDENCIA;
503;Turrones;23.0;1;1;;;;;SIN_EVIDENCIA;
373;Garbanzos;8.0;1;1;;;;;SIN_EVIDENCIA;
498;Bombones y chocolates dulces;25.0;1;0;;;;;SIN_EVIDENCIA;
499;Caramelos, chicles;14.0;1;1;;;;;SIN_EVIDENCIA;
499;Caramelos, chicles;15.0;1;1;;;;;SIN_EVIDENCIA;
499;Caramelos, chicles;24.0;1;1;;;;;SIN_EVIDENCIA;
399;Auyama;1.0;1;1;;;;;SIN_EVIDENCIA;
399;Auyama;8.0;1;1;;;;;SIN_EVIDENCIA;
374;Guandules verdes en cáscara;56.0;1;0;;;;;SIN_EVIDENCIA;
374;Guandules verdes en cáscara;60.0;1;0;;;;;SIN_EVIDENCIA;
375;Guandules secos;63.0;1;1;;;;;SIN_EVIDENCIA;
376;Guandules verdes desgranados;8.0;1;1;;;;;SIN_EVIDENCIA;
376;Guandules verdes desgranados;48.0;1;0;;;;;SIN_EVIDENCIA;
499;Caramelos, chicles;99.0;1;1;;;;;SIN_EVIDENCIA;
652;Cigarrillos con filtro;56.0;1;0;;;;;SIN_EVIDENCIA;
655;Tabaco en andullo;56.0;1;1;;;;;SIN_EVIDENCIA;
656;Tabaco para masticar;8.0;1;1;;;;;SIN_EVIDENCIA;
635;Ponches;31.0;1;1;;;;;SIN_EVIDENCIA;
636;Triculí;20.0;1;1;;;;;SIN_EVIDENCIA;
638;Vino tinto;114.0;1;0;;;;;SIN_EVIDENCIA;
640;Vino moscatel (La Fuerza y similares);87.0;1;1;;;;;SIN_EVIDENCIA;
398;Remolacha;56.0;1;1;;;;;SIN_EVIDENCIA;
95;Boliche limpio;8.0;1;1;;;;;SIN_EVIDENCIA;
656;Tabaco para masticar;87.0;1;1;;;;;SIN_EVIDENCIA;
657;Tabaco para pipa;56.0;1;1;;;;;SIN_EVIDENCIA;
660;Estupefacientes: marihuana, opio, cocaína y sus derivados;98.0;1;0;;;;;SIN_EVIDENCIA;
1310;Fósforos;25.0;1;0;;;;;SIN_EVIDENCIA;
1536;Bicarbonato de sodio;56.0;1;1;;;;;SIN_EVIDENCIA;
88;Spaghetti;1.0;1;1;;;;;SIN_EVIDENCIA;
646;Cerveza con niveles bajos de alcohol;20.0;1;1;;;;;SIN_EVIDENCIA;
3508;Bizcocho envasado de zanahoria;56.0;1;1;;;;;SIN_EVIDENCIA;
3571;Masa para empanada de harina;98.0;1;0;;;;;SIN_EVIDENCIA;
3581;Yogurt batido;115.0;1;1;;;;;SIN_EVIDENCIA;
83;Maíz en grano;63.0;1;1;;;;;SIN_EVIDENCIA;
84;Maíz para hacer rositas (palomitas);8.0;1;1;;;;;SIN_EVIDENCIA;
86;Coditos;25.0;1;1;;;;;SIN_EVIDENCIA;
86;Coditos;87.0;1;1;;;;;SIN_EVIDENCIA;
3080;Vegetales mixtos empacados;8.0;1;1;;;;;SIN_EVIDENCIA;
2672;Jugo de pera-piña;115.0;1;1;;;;;SIN_EVIDENCIA;
1892;Alimentos para animales;87.0;1;1;;;;;SIN_EVIDENCIA;
2076;Tacos;8.0;1;1;;;;;SIN_EVIDENCIA;
96;Cadera limpia;8.0;1;1;;;;;SIN_EVIDENCIA;
97;Carne molida de res;56.0;1;1;;;;;SIN_EVIDENCIA;
100;Rotí;8.0;1;1;;;;;SIN_EVIDENCIA;
106;Rabo de res;8.0;1;1;;;;;SIN_EVIDENCIA;
3504;Bizcocho envasado de chocolate;8.0;1;1;;;;;SIN_EVIDENCIA;
2702;Ron añejo servido;20.0;1;1;;;;;SIN_EVIDENCIA;
2710;Vino tinto servido;20.0;1;1;;;;;SIN_EVIDENCIA;
2785;Harina de maíz dulce;56.0;1;1;;;;;SIN_EVIDENCIA;
2546;Pollo enlatado;63.0;1;1;;;;;SIN_EVIDENCIA;
2551;Guandules con coco;31.0;1;1;;;;;SIN_EVIDENCIA;
2615;Sopa de pollo;98.0;1;1;;;;;SIN_EVIDENCIA;
2665;Agua purificada servida (Dasani, Planeta Azul y similares);87.0;1;1;;;;;SIN_EVIDENCIA;
2671;Jugo de avena;20.0;1;1;;;;;SIN_EVIDENCIA;
499;Caramelos, chicles;31.0;1;1;;;;;SIN_EVIDENCIA;
499;Caramelos, chicles;87.0;1;1;;;;;SIN_EVIDENCIA;
491;Helados de fruta a base de leche;56.0;1;1;;;;;SIN_EVIDENCIA;
491;Helados de fruta a base de leche;84.0;1;0;;;;;SIN_EVIDENCIA;
492;Malteada (helados);115.0;1;0;;;;;SIN_EVIDENCIA;
2673;Jugo sin envasar de cereza;31.0;1;1;;;;;SIN_EVIDENCIA;
2682;Jugo sin envasar de naranja;31.0;1;1;;;;;SIN_EVIDENCIA;
2682;Jugo sin envasar de naranja;98.0;1;1;;;;;SIN_EVIDENCIA;
399;Auyama;56.0;1;1;;;;;SIN_EVIDENCIA;
400;Zanahoria;1.0;1;1;;;;;SIN_EVIDENCIA;
400;Zanahoria;63.0;1;1;;;;;SIN_EVIDENCIA;
400;Zanahoria;82.0;1;0;;;;;SIN_EVIDENCIA;
401;Tomates de ensalada;8.0;1;1;;;;;SIN_EVIDENCIA;
464;Edulcorantes naturales (Fructosa y similares);56.0;1;1;;;;;SIN_EVIDENCIA;
396;Apio planta, apio gusto;100.0;1;0;;;;;SIN_EVIDENCIA;
397;Rábano;8.0;1;1;;;;;SIN_EVIDENCIA;
484;Dulces de navidad surtidos;31.0;1;1;;;;;SIN_EVIDENCIA;
487;Palitos de coco;56.0;1;1;;;;;SIN_EVIDENCIA;
467;Dulce de leche;8.0;1;1;;;;;SIN_EVIDENCIA;
467;Dulce de leche;87.0;1;0;;;;;SIN_EVIDENCIA;
467;Dulce de leche;105.0;1;1;;;;;SIN_EVIDENCIA;
468;Dulce de coco;8.0;1;0;;;;;SIN_EVIDENCIA;
468;Dulce de coco;87.0;1;0;;;;;SIN_EVIDENCIA;
470;Miel, polen y propóleo, jalea real;87.0;1;1;;;;;SIN_EVIDENCIA;
2887;Avena preparada;56.0;1;1;;;;;SIN_EVIDENCIA;
2936;Impuesto a vivienda de lujos o suntuarias;87.0;1;1;;;;;SIN_EVIDENCIA;
3021;Leche evaporada con sabor a queso;20.0;1;1;;;;;SIN_EVIDENCIA;
75;Cereales de trigo;56.0;1;1;;;;;SIN_EVIDENCIA;
478;Dulce de maní;8.0;1;0;;;;;SIN_EVIDENCIA;
478;Dulce de maní;56.0;1;1;;;;;SIN_EVIDENCIA;
483;Suspiros;63.0;1;1;;;;;SIN_EVIDENCIA;
484;Dulces de navidad surtidos;25.0;1;1;;;;;SIN_EVIDENCIA;
3136;Harina del negrito;23.0;1;1;;;;;SIN_EVIDENCIA;
3136;Harina del negrito;56.0;1;1;;;;;SIN_EVIDENCIA;
76;Corn Flakes (incluye rice flakes, cereales de chocolates, frutas y demás);114.0;1;1;;;;;SIN_EVIDENCIA;
81;Germen de trigo;56.0;1;1;;;;;SIN_EVIDENCIA;
82;Maíz en mazorca seco;56.0;1;1;;;;;SIN_EVIDENCIA;
83;Maíz en grano;8.0;1;0;;;;;SIN_EVIDENCIA;
83;Maíz en grano;56.0;1;0;;;;;SIN_EVIDENCIA;
2850;Batida de naranja con leche;98.0;1;1;;;;;SIN_EVIDENCIA;
4919;Leche líquida con chocolate;8.0;1;1;;;;;SIN_EVIDENCIA;
4919;Leche líquida con chocolate;20.0;1;1;;;;;SIN_EVIDENCIA;
41;Gofio;87.0;1;0;;;;;SIN_EVIDENCIA;
47;Mantecados;8.0;1;0;;;;;SIN_EVIDENCIA;
49;Conconete;8.0;1;0;;;;;SIN_EVIDENCIA;
51;Cazabe;98.0;1;1;;;;;SIN_EVIDENCIA;
4701;Helado en paleta en sabores artificiales;56.0;1;0;;;;;SIN_EVIDENCIA;
4701;Helado en paleta en sabores artificiales;98.0;1;1;;;;;SIN_EVIDENCIA;
71;Avena en hojuela o entera;23.0;1;1;;;;;SIN_EVIDENCIA;
71;Avena en hojuela o entera;87.0;1;1;;;;;SIN_EVIDENCIA;
3807;Macarrones;8.0;1;1;;;;;SIN_EVIDENCIA;
3807;Macarrones;31.0;1;1;;;;;SIN_EVIDENCIA;
60;Harina de panqueques;8.0;1;1;;;;;SIN_EVIDENCIA;
61;Harina de plátano;56.0;1;1;;;;;SIN_EVIDENCIA;
4916;Atún en trozo en agua;60.0;1;1;;;;;SIN_EVIDENCIA;
4917;Atún desmenuzado en aceite;8.0;1;0;;;;;SIN_EVIDENCIA;
74;Cereales con frutas;31.0;1;1;;;;;SIN_EVIDENCIA;
74;Cereales con frutas;98.0;1;1;;;;;SIN_EVIDENCIA;
3809;Macarroni & Cheese;56.0;1;1;;;;;SIN_EVIDENCIA;
3812;Mostachones;23.0;1;1;;;;;SIN_EVIDENCIA;
3812;Mostachones;31.0;1;1;;;;;SIN_EVIDENCIA;
3813;Linguinis;56.0;1;1;;;;;SIN_EVIDENCIA;
65;Arroz súper-selecto o premium;97.0;1;1;;;;;SIN_EVIDENCIA;
67;Arroz corriente;87.0;1;1;;;;;SIN_EVIDENCIA;
397;Rábano;56.0;1;0;;;;;SIN_EVIDENCIA;
398;Remolacha;8.0;1;1;;;;;SIN_EVIDENCIA;
3905;Amaretto;20.0;1;1;;;;;SIN_EVIDENCIA;
3925;Cranberry (fruta);56.0;1;1;;;;;SIN_EVIDENCIA;
3992;Manzana roja;25.0;1;1;;;;;SIN_EVIDENCIA;
3992;Manzana roja;56.0;1;1;;;;;SIN_EVIDENCIA;
3993;Manzana verde;8.0;1;0;;;;;SIN_EVIDENCIA;
4076;Mabí de naranja servido;87.0;1;1;;;;;SIN_EVIDENCIA;
447;Maíz enlatado;56.0;1;1;;;;;SIN_EVIDENCIA;
447;Maíz enlatado;87.0;1;1;;;;;SIN_EVIDENCIA;
449;Pepinillos encurtidos;55.0;1;1;;;;;SIN_EVIDENCIA;
450;Tomates en conserva o enlatados;63.0;1;1;;;;;SIN_EVIDENCIA;
435;Alcaparrado (aceitunas y alcaparras);55.0;1;1;;;;;SIN_EVIDENCIA;
435;Alcaparrado (aceitunas y alcaparras);105.0;1;1;;;;;SIN_EVIDENCIA;
4401;Diten o tomillo;87.0;1;1;;;;;SIN_EVIDENCIA;
4403;Habichuela Yacomelo;63.0;1;1;;;;;SIN_EVIDENCIA;
455;Puré de papa deshidratado o instantáneo;98.0;1;1;;;;;SIN_EVIDENCIA;
457;Papas fritas (snack y picaderas);99.0;1;1;;;;;SIN_EVIDENCIA;
459;Azúcar morena;20.0;1;1;;;;;SIN_EVIDENCIA;
386;Papas;23.0;1;1;;;;;SIN_EVIDENCIA;
389;Batata;8.0;1;1;;;;;SIN_EVIDENCIA;
446;Maíz en mazorca envasado;63.0;1;1;;;;;SIN_EVIDENCIA;
447;Maíz enlatado;1.0;1;1;;;;;SIN_EVIDENCIA;
447;Maíz enlatado;23.0;1;1;;;;;SIN_EVIDENCIA;
403;Berenjena corriente;56.0;1;1;;;;;SIN_EVIDENCIA;
403;Berenjena corriente;82.0;1;0;;;;;SIN_EVIDENCIA;
392;Ají grande (cubanela);63.0;1;1;;;;;SIN_EVIDENCIA;
393;Ají gustoso o cachucha;1.0;1;0;;;;;SIN_EVIDENCIA;
393;Ají gustoso o cachucha;56.0;1;0;;;;;SIN_EVIDENCIA;
393;Ají gustoso o cachucha;89.0;1;1;;;;;SIN_EVIDENCIA;
396;Apio planta, apio gusto;1.0;1;1;;;;;SIN_EVIDENCIA;
453;Pimientos encurtidos;63.0;1;1;;;;;SIN_EVIDENCIA;
4702;Helado en paleta a base de leche;20.0;1;1;;;;;SIN_EVIDENCIA;
4884;Perejil seco el polvo;98.0;1;1;;;;;SIN_EVIDENCIA;
4886;Salsa BBQ;63.0;1;1;;;;;SIN_EVIDENCIA;
4916;Atún en trozo en agua;56.0;1;1;;;;;SIN_EVIDENCIA;
4404;Hoja de ruda;8.0;1;0;;;;;SIN_EVIDENCIA;
4413;Sal en grano;87.0;1;1;;;;;SIN_EVIDENCIA;
4413;Sal en grano;98.0;1;1;;;;;SIN_EVIDENCIA;
4461;Pasa deshidratada;56.0;1;1;;;;;SIN_EVIDENCIA;
6746;Extracto de almendra;87.0;1;1;;;;;SIN_EVIDENCIA;
6994;Vino rosado servido;20.0;1;1;;;;;SIN_EVIDENCIA;
5883;Cacao en bola;17.0;1;0;;;;;SIN_EVIDENCIA;
5908;Almendras;8.0;1;1;;;;;SIN_EVIDENCIA;
5908;Almendras;98.0;1;1;;;;;SIN_EVIDENCIA;
13;Pan de sándwich rebanado blanco;8.0;1;0;;;;;SIN_EVIDENCIA;
14;Pan de sándwich rebanado integral;8.0;1;0;;;;;SIN_EVIDENCIA;
22;Galletas María;56.0;1;1;;;;;SIN_EVIDENCIA;
7377;Jugo envasado de pera-piña;31.0;1;1;;;;;SIN_EVIDENCIA;
7381;Jugo envasado de kiwi;31.0;1;1;;;;;SIN_EVIDENCIA;
1;Pan de agua;117.0;1;0;;;;;SIN_EVIDENCIA;
7517;Quínoa;56.0;1;1;;;;;SIN_EVIDENCIA;
7517;Quínoa;87.0;1;1;;;;;SIN_EVIDENCIA;
6030;Jalao (dulce);8.0;1;0;;;;;SIN_EVIDENCIA;
6580;Mabí de cereza;20.0;1;1;;;;;SIN_EVIDENCIA;
6652;Manzana en conservas enlatadas;63.0;1;1;;;;;SIN_EVIDENCIA;
7838;Alas de pollo;8.0;1;1;;;;;SIN_EVIDENCIA;
8229;Licor saborizado;20.0;1;1;;;;;SIN_EVIDENCIA;
8244;Semillas de girasol;56.0;1;1;;;;;SIN_EVIDENCIA;
1;Pan de agua;1.0;1;0;;;;;SIN_EVIDENCIA;
8869;Bollito de harina de maíz crudo;56.0;1;1;;;;;SIN_EVIDENCIA;
2;Pan sobado;117.0;1;0;;;;;SIN_EVIDENCIA;
7367;Dulce de piña;87.0;1;0;;;;;SIN_EVIDENCIA;
7367;Dulce de piña;105.0;1;0;;;;;SIN_EVIDENCIA;
407;Cebolla blanca;56.0;1;1;;;;;SIN_EVIDENCIA;
408;Cebolla roja;63.0;1;1;;;;;SIN_EVIDENCIA;
410;Ajo;1.0;1;0;;;;;SIN_EVIDENCIA;
2;Pan sobado;8.0;1;1;;;;;SIN_EVIDENCIA;
401;Tomates de ensalada;82.0;1;1;;;;;SIN_EVIDENCIA;
401;Tomates de ensalada;87.0;1;1;;;;;SIN_EVIDENCIA;
56;Harinas de maíz;55.0;1;1;;;;;SIN_EVIDENCIA;
56;Harinas de maíz;63.0;1;1;;;;;SIN_EVIDENCIA;
547;Salsa Alfredo, de queso y similares;63.0;1;1;;;;;SIN_EVIDENCIA;
548;Preparado líquido de Salsa de tomate (Ragú y similares);20.0;1;1;;;;;SIN_EVIDENCIA;
548;Preparado líquido de Salsa de tomate (Ragú y similares);98.0;1;1;;;;;SIN_EVIDENCIA;
549;Salsa francesa;20.0;1;1;;;;;SIN_EVIDENCIA;
549;Salsa francesa;87.0;1;1;;;;;SIN_EVIDENCIA;
308;Manteca de cerdo;20.0;1;0;;;;;SIN_EVIDENCIA;
309;Manteca vegetal;20.0;1;1;;;;;SIN_EVIDENCIA;
314;Plátano verde;97.0;1;0;;;;;SIN_EVIDENCIA;
4;Pan de maíz entero;1.0;1;0;;;;;SIN_EVIDENCIA;
12;Pan de pita;23.0;1;0;;;;;SIN_EVIDENCIA;
324;Guineo verde (guineíto);56.0;1;1;;;;;SIN_EVIDENCIA;
326;Lechosa;8.0;1;1;;;;;SIN_EVIDENCIA;
554;Vinagre dorado;55.0;1;1;;;;;SIN_EVIDENCIA;
555;Vinagre blanco;55.0;1;1;;;;;SIN_EVIDENCIA;
283;Leche de almendra;31.0;1;1;;;;;SIN_EVIDENCIA;
283;Leche de almendra;87.0;1;1;;;;;SIN_EVIDENCIA;
6250;Platos de frutas;8.0;1;1;;;;;SIN_EVIDENCIA;
6446;Avena molida no saborizada;8.0;1;1;;;;;SIN_EVIDENCIA;
6451;Leche entera liquida sin lactosa;87.0;1;1;;;;;SIN_EVIDENCIA;
6453;Leche descremada liquida sin lactosa;63.0;1;1;;;;;SIN_EVIDENCIA;
17;Galletas con ajonjolí;8.0;1;1;;;;;SIN_EVIDENCIA;
18;Galletas de harina / Galleta de manteca;23.0;1;1;;;;;SIN_EVIDENCIA;
6167;Jugo envasado de guineo;31.0;1;1;;;;;SIN_EVIDENCIA;
3;Pan de leche;56.0;1;0;;;;;SIN_EVIDENCIA;
5958;Tortilla de trigo;56.0;1;0;;;;;SIN_EVIDENCIA;
5965;Jugo de fresa envasado;20.0;1;1;;;;;SIN_EVIDENCIA;
6455;Leche liquida pasteurizada (no UHT);25.0;1;1;;;;;SIN_EVIDENCIA;
6456;Leche en polvo entera sin lactosa;63.0;1;1;;;;;SIN_EVIDENCIA;
6461;Flan de leche en cajita;63.0;1;1;;;;;SIN_EVIDENCIA;
6464;Ciruela (fruta);8.0;1;1;;;;;SIN_EVIDENCIA;
6465;Pistacho;56.0;1;1;;;;;SIN_EVIDENCIA;
6167;Jugo envasado de guineo;87.0;1;1;;;;;SIN_EVIDENCIA;
