id_variedad,descripcion_engih,freq_registros,enhance_id_anterior,enhance_id_nuevo,tipo_equivalencia,motivo
608,Jugo envasado de manzana,483,NA,70217143,directa,Carga de sugerencia revisada (bloque 154)
287,Huevos criollos (gallina),396,NA,70202002,sustituto_por_criterio,Carga de sugerencia revisada (bloque 154)
532,Pimienta en polvo,330,NA,70222019,sustituto_por_criterio,Carga de sugerencia revisada (bloque 154)
312,Mango,327,NA,70212080,directa,Carga de sugerencia revisada (bloque 154)
9,Pan integral,319,NA,70214039,directa,Carga de sugerencia revisada (bloque 154)
97,Carne molida de res,306,NA,70205070,directa,Carga de sugerencia revisada (bloque 154)
3992,Manzana roja,278,NA,70212190,directa,Carga de sugerencia revisada (bloque 154)
171,Jamón picnic,278,NA,70207014,directa,Carga de sugerencia revisada (bloque 154)
2473,Azafrán,259,NA,70222004,directa,Carga de sugerencia revisada (bloque 154)
21,Galletas integrales,255,NA,70214103,directa,Carga de sugerencia revisada (bloque 154)
80,Trigo,227,NA,70213038,sustituto_por_criterio,Carga de sugerencia revisada (bloque 154)
398,Remolacha,226,NA,70211147,directa,Remolacha (DUDOSA): eran las hojas; se consume la raiz
117,Carne de gallina,219,NA,70203003,directa,Carga de sugerencia revisada (bloque 154)
214,Tilapia,218,NA,70208056,directa,Carga de sugerencia revisada (bloque 154)
316,Cereza,197,NA,70212002,sustituto_por_criterio,"Cereza: en RD es acerola, no guinda dulce (vit C 1600 vs 7 mg/100g)"
4915,Atún en trozo en aceite,182,NA,70208019,sustituto_por_criterio,Carga de sugerencia revisada (bloque 154)
297,Aceite de oliva,150,NA,70216007,directa,Carga de sugerencia revisada (bloque 154)
131,Chuleta de cerdo fresca,145,NA,70204044,sustituto_por_criterio,Carga de sugerencia revisada (bloque 154)
277,Yogurt bebible natural,142,NA,70201041,directa,"Yogurt bebible natural (DUDOSA): integro, no descremado"
57,Maicena (fécula de maíz) /Maicera (harina de maíz procesada),141,NA,70213044,sustituto_por_criterio,Carga de sugerencia revisada (bloque 154)
426,Lechuga romana,141,NA,70211179,directa,Carga de sugerencia revisada (bloque 154)
165,Jamón ahumado,132,NA,70207041,directa,Jamon ahumado: era jamon de PAVO; el generico es de cerdo
348,Tamarindo,132,NA,70212138,directa,Carga de sugerencia revisada (bloque 154)
528,Nuez moscada,131,NA,70222016,directa,Carga de sugerencia revisada (bloque 154)
132,Costillas-pecho de cerdo,127,NA,70204009,sustituto_por_criterio,Carga de sugerencia revisada (bloque 154)
112,Pechuga de pollo,118,NA,70203038,directa,Carga de sugerencia revisada (bloque 154)
121,Hígado de pollo,109,NA,70203028,directa,"Higado de pollo: era PATE envasado, no la viscera cruda"
322,Guayaba,106,NA,70212052,directa,Carga de sugerencia revisada (bloque 154)
384,Yautía coco o pipiota,106,NA,70211195,sustituto_por_criterio,Carga de sugerencia revisada (bloque 154)
327,Zapote,105,NA,70212152,directa,Zapote: era zapote VERDE; el consumido es zapote mamey
5599,Pan dulce,102,NA,70214127,sustituto_por_criterio,"Pan dulce (DUDOSA): generico simple, no de coco"
169,Jamón de pavo,93,NA,70207032,directa,Carga de sugerencia revisada (bloque 154)
407,Cebolla blanca,89,NA,70211036,sustituto_por_criterio,Carga de sugerencia revisada (bloque 154)
522,Anís,87,NA,70222003,directa,Carga de sugerencia revisada (bloque 154)
261,Queso danés,83,NA,70201032,sustituto_por_criterio,Carga de sugerencia revisada (bloque 154)
6,Pan baguette blanco,82,NA,70214112,sustituto_por_criterio,Carga de sugerencia revisada (bloque 154)
4882,Salami de pollo,80,NA,70207024,sustituto_por_criterio,Carga de sugerencia revisada (bloque 154)
185,Salchichas tipo Viena,78,NA,70207027,sustituto_por_criterio,Carga de sugerencia revisada (bloque 154)
334,Melón cantaloupe redondo,75,NA,70212096,sustituto_por_criterio,Carga de sugerencia revisada (bloque 154)
183,Salchichas de hot-dog,74,NA,70207050,sustituto_por_criterio,Carga de sugerencia revisada (bloque 154)
379,Lentejas,73,NA,70209029,sustituto_por_criterio,Carga de sugerencia revisada (bloque 154)
269,Queso picantino parmesano rallado,68,NA,70201121,sustituto_por_criterio,Carga de sugerencia revisada (bloque 154)
145,Mondongo de res,66,NA,70205038,directa,Carga de sugerencia revisada (bloque 154)
318,Coco de agua,64,NA,70212021,directa,Carga de sugerencia revisada (bloque 154)
4916,Atún en trozo en agua,64,NA,70208020,sustituto_por_criterio,Carga de sugerencia revisada (bloque 154)
321,Guanábana,63,NA,70212050,directa,Carga de sugerencia revisada (bloque 154)
511,Jengibre,59,NA,70211087,directa,Carga de sugerencia revisada (bloque 154)
347,Sandía (patilla),59,NA,70212134,sustituto_por_criterio,Carga de sugerencia revisada (bloque 154)
101,Pecho,56,NA,70205079,directa,Carga de sugerencia revisada (bloque 154)
143,Hígado de res,54,NA,70205032,directa,Carga de sugerencia revisada (bloque 154)
412,Coliflor,53,NA,70211043,directa,Carga de sugerencia revisada (bloque 154)
209,Mero,53,NA,70208031,directa,Carga de sugerencia revisada (bloque 154)
451,Vegetales mixtos enlatados,50,NA,70211194,directa,Carga de sugerencia revisada (bloque 154)
162,Tocino,48,NA,70204020,directa,Carga de sugerencia revisada (bloque 154)
467,Dulce de leche,47,NA,70201080,sustituto_por_criterio,Dulce de leche: era SUERO dulce de leche (producto distinto)
3807,Macarrones,47,NA,70213060,sustituto_por_criterio,Macarrones: era pasta ENLATADA c/queso; se compra pasta seca
335,Melón liso,44,NA,70212097,directa,Carga de sugerencia revisada (bloque 154)
208,Merluza,43,NA,70208030,directa,Carga de sugerencia revisada (bloque 154)
127,Pierna de cerdo,43,NA,70204017,directa,Carga de sugerencia revisada (bloque 154)
404,Berro,43,NA,70211025,directa,Carga de sugerencia revisada (bloque 154)
436,Alcaparras,42,NA,70222027,sustituto_por_criterio,Carga de sugerencia revisada (bloque 154)
221,Camarones,42,NA,70208005,sustituto_por_criterio,Carga de sugerencia revisada (bloque 154)
331,Mandarina,40,NA,70212077,directa,Carga de sugerencia revisada (bloque 154)
415,Puerro,40,NA,70211142,directa,Carga de sugerencia revisada (bloque 154)
122,Molleja de pollo,35,NA,70203030,directa,Carga de sugerencia revisada (bloque 154)
300,Aceite de canola,33,NA,70216032,directa,Carga de sugerencia revisada (bloque 154)
296,Aceite de maíz,33,NA,70216006,directa,Carga de sugerencia revisada (bloque 154)
5839,Carne salada,30,NA,70205026,directa,Carga de sugerencia revisada (bloque 154)
295,Aceite de coco,29,NA,70216004,directa,Carga de sugerencia revisada (bloque 154)
4,Pan de maíz entero,28,NA,70213031,sustituto_por_criterio,Carga de sugerencia revisada (bloque 154)
4611,Donas de azucar,27,NA,70218005,directa,Carga de sugerencia revisada (bloque 154)
216,Atún,27,NA,70208019,sustituto_por_criterio,Carga de sugerencia revisada (bloque 154)
164,Chorizos,26,NA,70207005,sustituto_por_criterio,Carga de sugerencia revisada (bloque 154)
3,Pan de leche,25,NA,70214020,directa,Carga de sugerencia revisada (bloque 154)
529,Manzanilla,25,NA,70217156,sustituto_por_criterio,Manzanilla: era la fruta manzanita; en RD es la infusion
339,Toronja,23,NA,70212139,directa,Carga de sugerencia revisada (bloque 154)
351,Carambola,22,NA,70212015,directa,Carga de sugerencia revisada (bloque 154)
346,Pera,22,NA,70212120,directa,Pera (NO): era pepino dulce; pera importada s/cascara
184,Salchichas de freír,22,NA,70207025,sustituto_por_criterio,Carga de sugerencia revisada (bloque 154)
53,Tortilla de maíz (para tacos),22,NA,70214068,sustituto_por_criterio,Carga de sugerencia revisada (bloque 154)
92,Lasagña,20,NA,70213169,directa,Carga de sugerencia revisada (bloque 154)
512,Perejil,20,NA,70211140,directa,Perejil: era seco congelado; el generico es fresco
194,Pipián,19,NA,70211021,directa,Carga de sugerencia revisada (bloque 154)
104,Filete,13,NA,70204031,sustituto_por_criterio,Carga de sugerencia revisada (bloque 154)
306,Mantequilla de maní,12,NA,70216017,directa,Carga de sugerencia revisada (bloque 154)
212,Salmón,12,NA,70208038,directa,Carga de sugerencia revisada (bloque 154)
170,Jamón de pollo,12,NA,70207012,directa,Carga de sugerencia revisada (bloque 154)
182,Salchichas de carne de cerdo,12,NA,70207026,sustituto_por_criterio,Carga de sugerencia revisada (bloque 154)
466,Melaza,12,NA,70215022,directa,Carga de sugerencia revisada (bloque 154)
409,Cebollín,12,NA,70211039,directa,Carga de sugerencia revisada (bloque 154)
2869,Hígado de cerdo,12,NA,70204014,directa,Carga de sugerencia revisada (bloque 154)
397,Rábano,9,NA,70211144,sustituto_por_criterio,Rabano: eran las HOJAS; se consume la raiz
69,Arroz integral,9,NA,70213006,directa,Carga de sugerencia revisada (bloque 154)
4199,Salchicha de pollo,9,NA,70207024,directa,Salchicha de pollo (DUDOSA): existe el codigo puro de pollo
125,Lomo de Cerdo,9,NA,70204042,directa,Carga de sugerencia revisada (bloque 154)
576,Polvo para hornear,9,NA,70214044,sustituto_por_criterio,Carga de sugerencia revisada (bloque 154)
201,Bonito,8,NA,70208024,directa,Carga de sugerencia revisada (bloque 154)
15,Pan de hot dog,8,NA,70214019,directa,Carga de sugerencia revisada (bloque 154)
4999,Kiwi,7,NA,70212069,directa,Carga de sugerencia revisada (bloque 154)
329,Limón dulce,7,NA,70212070,directa,Carga de sugerencia revisada (bloque 154)
22,Galletas María,7,NA,70214002,directa,Carga de sugerencia revisada (bloque 154)
135,Rabo de cerdo,7,NA,70204022,directa,Carga de sugerencia revisada (bloque 154)
176,Mortadela,6,NA,70207018,directa,Carga de sugerencia revisada (bloque 154)
365,Ajonjolí,6,NA,70210014,directa,Carga de sugerencia revisada (bloque 154)
518,Hojas de Menta,5,NA,70222036,directa,Carga de sugerencia revisada (bloque 154)
561,Extracto de vainilla,5,NA,70222025,directa,Carga de sugerencia revisada (bloque 154)
4707,Salami de pavo,5,NA,70207046,directa,Carga de sugerencia revisada (bloque 154)
294,Aceite de girasol,4,NA,70216005,directa,Carga de sugerencia revisada (bloque 154)
7,Pan baguette integral,4,NA,70214112,sustituto_por_criterio,Carga de sugerencia revisada (bloque 154)
513,Albahaca,4,NA,70222002,directa,Carga de sugerencia revisada (bloque 154)
211,Róbalo,4,NA,70208037,directa,Carga de sugerencia revisada (bloque 154)
253,Leche en polvo descremada,4,NA,70201011,directa,Carga de sugerencia revisada (bloque 154)
5958,Tortilla de trigo,4,NA,70214058,directa,Carga de sugerencia revisada (bloque 154)
519,Romero,3,NA,70222020,directa,Carga de sugerencia revisada (bloque 154)
344,Níspero,3,NA,70212030,directa,Carga de sugerencia revisada (bloque 154)
147,Riñón de res,3,NA,70205041,directa,Carga de sugerencia revisada (bloque 154)
62,Sémola de maíz,3,NA,70213024,directa,Carga de sugerencia revisada (bloque 154)
189,Pepperoni,2,NA,70207036,directa,Carga de sugerencia revisada (bloque 154)
7392,Jobo,2,NA,70212066,directa,Carga de sugerencia revisada (bloque 154)
5875,Cúrcuma,2,NA,70222030,directa,Carga de sugerencia revisada (bloque 154)
3007,Cabeza de res,2,NA,70205076,directa,Carga de sugerencia revisada (bloque 154)
345,Pan de fruta,2,NA,70212043,directa,Carga de sugerencia revisada (bloque 154)
119,Carne de pato,2,NA,70203005,directa,Carga de sugerencia revisada (bloque 154)
3994,Manzana amarilla,2,NA,70212186,directa,Carga de sugerencia revisada (bloque 154)
5871,Agua de coco envasada (coco rico),2,NA,70212021,sustituto_por_criterio,Carga de sugerencia revisada (bloque 154)
4261,Aceite de ajonjolí,2,NA,70216002,directa,Carga de sugerencia revisada (bloque 154)
416,Repollo chino,1,NA,70211031,directa,Carga de sugerencia revisada (bloque 154)
7838,Alas de pollo,1,NA,70203014,directa,Carga de sugerencia revisada (bloque 154)
520,Hierbabuena,1,NA,70211092,directa,Carga de sugerencia revisada (bloque 154)
61,Harina de plátano,1,NA,70212132,directa,Carga de sugerencia revisada (bloque 154)
7839,Pechuga de pavo (Cruda),1,NA,70203008,directa,Carga de sugerencia revisada (bloque 154)
3527,Pan de papa,1,NA,70214126,directa,Carga de sugerencia revisada (bloque 154)
3584,Pescado trucha,1,NA,70208044,directa,Carga de sugerencia revisada (bloque 154)
227,Pulpo,1,NA,70208048,directa,Carga de sugerencia revisada (bloque 154)
309,Manteca vegetal,1,NA,70216013,directa,Carga de sugerencia revisada (bloque 154)
266,Queso de soya,1,NA,70201129,directa,Carga de sugerencia revisada (bloque 154)
5164,Dulce de cereza,1,NA,70212054,directa,Carga de sugerencia revisada (bloque 154)
81,Germen de trigo,1,NA,70213087,directa,Carga de sugerencia revisada (bloque 154)
4668,Salchicha cocida,1,NA,70207051,directa,Carga de sugerencia revisada (bloque 154)
5600,Filete de cerdo,1,NA,70204031,directa,Carga de sugerencia revisada (bloque 154)
146,Lengua de cerdo,1,NA,70204015,directa,Carga de sugerencia revisada (bloque 154)
3500,Pan de avena,1,NA,70214121,directa,Carga de sugerencia revisada (bloque 154)
4884,Perejil seco el polvo,1,NA,70222039,sustituto_por_criterio,Carga de sugerencia revisada (bloque 154)
4269,Mamón,1,NA,70212076,directa,Carga de sugerencia revisada (bloque 154)
6465,Pistacho,1,NA,70210029,directa,Carga de sugerencia revisada (bloque 154)
308,Manteca de cerdo,1,NA,70216012,directa,Carga de sugerencia revisada (bloque 154)
141,Corazón de res,1,NA,70205028,directa,Carga de sugerencia revisada (bloque 154)
5835,Harina integral,1,NA,70213158,directa,Harina integral (DUDOSA): era harina de ARROZ integral
142,Lengua de res,1,NA,70205036,directa,Carga de sugerencia revisada (bloque 154)
2887,Avena preparada,1,NA,70213007,directa,Carga de sugerencia revisada (bloque 154)
2667,Agua de coco servida,1,NA,70212021,sustituto_por_criterio,Carga de sugerencia revisada (bloque 154)
6743,Caimito,1,NA,70212012,directa,Carga de sugerencia revisada (bloque 154)
8244,Semillas de girasol,1,NA,70210045,sustituto_por_criterio,Carga de sugerencia revisada (bloque 154)
3961,Macarrones con queso,1,NA,70213073,sustituto_por_criterio,Carga de sugerencia revisada (bloque 154)
