id_variedad;descripcion_engih;sugerencia_ID;sugerencia_nombre;freq_registros;edible_incap;decision
608;Jugo envasado de manzana;70217143;Jugo de manzana, s/azucar c/vit c, envasado;483;1;OK
287;Huevos criollos (gallina);70202002;Huevo de gallina, entero, crudo;396;0.88;OK
532;Pimienta en polvo;70222019;Pimienta negra;330;1;OK
312;Mango;70212080;Mango, maduro;327;0.71;OK
9;Pan integral;70214039;Pan integral, tipo bollo;319;1;OK
97;Carne molida de res;70205070;Res, carne molida, magra (5% grasa), cruda;306;1;OK
3992;Manzana roja;70212190;Manzana, roja, c/cascara;278;0.89;OK
171;Jamón picnic;70207014;Jamon de cerdo y res {tipo picnic};278;1;OK
2473;Azafrán;70222004;Azafran;259;1;OK
21;Galletas integrales;70214103;Galletas integrales c/miel;255;1;OK
80;Trigo;70213038;Harina de trigo, s/enriquecer, todo uso;227;1;OK
398;Remolacha;70211146;Remolacha, hojas crudas;226;0.56;DUDOSA
117;Carne de gallina;70203003;Gallo o gallina, carne cruda;219;1;OK
214;Tilapia;70208056;Pescado, tilapia, fresca;218;1;OK
316;Cereza;70212054;Guinda o cereza dulce, fresca;197;0.92;OK
4915;Atún en trozo en aceite;70208019;Pescado, atun enlatado c/aceite, solidos;182;1;OK
297;Aceite de oliva;70216007;Aceite de oliva;150;1;OK
131;Chuleta de cerdo fresca;70204044;Cerdo, chuleta c/hueso, magra, cruda;145;0.69;OK
277;Yogurt bebible natural;70201040;Yogurt, leche descremada, natural;142;1;DUDOSA
57;Maicena (fécula de maíz) /Maicera (harina de maíz procesada);70213044;Maicena o almidon de maiz;141;1;OK
426;Lechuga romana;70211179;Lechuga romana;141;0.94;OK
165;Jamón ahumado;70207032;Jamon de pavo, ahumado, bajo en grasa;132;1;OK
348;Tamarindo;70212138;Tamarindo, fresco;132;0.34;OK
528;Nuez moscada;70222016;Nuez moscada, molida;131;1;OK
132;Costillas-pecho de cerdo;70204009;Cerdo, costilla, cruda;127;0.63;OK
112;Pechuga de pollo;70203038;Pollo, pechuga c/piel, cruda;118;0.8;OK
121;Hígado de pollo;70207020;Pate, higado de pollo, envasado;109;1;OK
322;Guayaba;70212052;Guayaba madura;106;0.82;OK
384;Yautía coco o pipiota;70211195;Yautia, cruda;106;0.86;OK
327;Zapote;70212065;Injerto o zapote verde;105;0.59;OK
5599;Pan dulce;70214029;Pan dulce, de coco;102;1;DUDOSA
169;Jamón de pavo;70207032;Jamon de pavo, ahumado, bajo en grasa;93;1;OK
407;Cebolla blanca;70211036;Cebolla, cabeza;89;0.91;OK
522;Anís;70222003;Anis, semilla;87;1;OK
261;Queso danés;70201032;Queso gouda;83;1;OK
6;Pan baguette blanco;70214112;Pan baguette;82;1;OK
4882;Salami de pollo;70207024;Salchicha, de pollo;80;1;OK
185;Salchichas tipo Viena;70207027;Salchicha, tipo viena, envasada (pollo&res&cerdo);78;1;OK
334;Melón cantaloupe redondo;70212096;Melon corrugado o cantaloupe;75;0.51;OK
183;Salchichas de hot-dog;70207050;Salchicha, de cerdo;74;1;OK
379;Lentejas;70209029;Lenteja, grano seco, grano crudo;73;1;OK
269;Queso picantino parmesano rallado;70201121;Queso parmesano, rallado;68;1;OK
145;Mondongo de res;70205038;Res, panza o mondongo, crudo;66;0.95;OK
318;Coco de agua;70212021;Coco, agua de;64;1;OK
4916;Atún en trozo en agua;70208020;Pescado, atun enlatado c/agua, solidos;64;1;OK
321;Guanábana;70212050;Guanabana o guanaba;63;0.67;OK
511;Jengibre;70211087;Gengibre o jengibre, raiz;59;0.93;OK
347;Sandía (patilla);70212134;Sandia;59;0.52;OK
101;Pecho;70205079;Res, posta de pecho, magra, cruda;56;0.9;OK
143;Hígado de res;70205032;Res, higado, crudo;54;1;OK
412;Coliflor;70211043;Coliflor, blanca, cruda;53;0.39;OK
209;Mero;70208031;Pescado,mero, fresco;53;0.57;OK
451;Vegetales mixtos enlatados;70211194;Vegetales mixtos, enlatados, cisal, escurridos;50;1;OK
162;Tocino;70204020;Cerdo, tocino curado, no preparado;48;1;OK
467;Dulce de leche;70201067;Suero dulce de leche;47;1;OK
3807;Macarrones;70213073;Pasta enlatada, macarrones c/queso;47;1;OK
335;Melón liso;70212097;Melon liso o melon casaba;44;0.6;OK
208;Merluza;70208030;Pescado,merluza,fresca;43;0.64;OK
127;Pierna de cerdo;70204017;Cerdo, pierna semi magra, cruda;43;0.83;OK
404;Berro;70211025;Berro. crudo;43;0.92;OK
436;Alcaparras;70222027;Alcaparra.enlatada;42;1;OK
221;Camarones;70208005;Camaron, fresco;42;0.47;OK
331;Mandarina;70212077;Mandarina/tangerina, fruta;40;0.74;OK
415;Puerro;70211142;Puerro, cabeza o bulbo y hojas;40;0.44;OK
122;Molleja de pollo;70203030;Pollo, molleja, cruda;35;1;OK
300;Aceite de canola;70216032;Aceite de canola;33;1;OK
296;Aceite de maíz;70216006;Aceite de de maiz;33;1;OK
5839;Carne salada;70205026;Res, carne salada, oreada;30;0.99;OK
295;Aceite de coco;70216004;Aceite de de coco;29;1;OK
4;Pan de maíz entero;70213031;Harina de maiz amarillo, grano entero;28;1;OK
4611;Donas de azucar;70218005;Donas, cubierta de azucar;27;1;OK
216;Atún;70208019;Pescado, atun enlatado c/aceite, solidos;27;1;OK
164;Chorizos;70207005;Chorizo de res;26;0.98;OK
3;Pan de leche;70214020;Pan blanco, tipo bollo c/leche;25;1;OK
529;Manzanilla;70212090;Manzanita/manzanilla;25;0.63;OK
339;Toronja;70212139;Toronja blanca, fruta;23;0.49;OK
351;Carambola;70212015;Carambola;22;0.97;OK
346;Pera;70212118;Pepino dulce o pera limon;22;0.79;NO
184;Salchichas de freír;70207025;Salchicha, de res;22;1;OK
53;Tortilla de maíz (para tacos);70214068;Tortilla de maiz, lista para hornear o freir, no enriq.;22;1;OK
92;Lasagña;70213169;Pasta para lasagna, cruda;20;1;OK
512;Perejil;70211275;Perejil, seco, congelado;20;1;OK
194;Pipián;70211021;Calabacitaiguicoyito/pipian, crudo;19;0.95;OK
104;Filete;70204031;Cerdo, solomillo o filete, semimagro, crudo;13;0.94;OK
306;Mantequilla de maní;70216017;Mantequilla de mani c/sal;12;1;OK
212;Salmón;70208038;Pescado, salmon rosado, enlatado;12;1;OK
170;Jamón de pollo;70207012;Jamon de pollo;12;1;OK
182;Salchichas de carne de cerdo;70207026;Salchicha, de res y cerdo;12;1;OK
466;Melaza;70215022;Melaza;12;1;OK
409;Cebollín;70211039;Cebollin;12;0.9;OK
2869;Hígado de cerdo;70204014;Cerdo, higado, crudo;12;1;OK
397;Rábano;70211126;Rabano, hojas;9;0.82;OK
69;Arroz integral;70213006;Arroz integral, grano mediano, crudo;9;1;OK
4199;Salchicha de pollo;70207053;Salchicha, de res y pollo;9;1;DUDOSA
125;Lomo de Cerdo;70204042;Cerdo, lomo de cinta, semimagro, crudo;9;0.95;OK
576;Polvo para hornear;70214044;Polvo de hornear;9;1;OK
201;Bonito;70208024;Pescado, bonito, fresco;8;0.51;OK
15;Pan de hot dog;70214019;Pan blanco, tipo hamburguesa-hot dog;8;1;OK
4999;Kiwi;70212069;Kiwi , fruta fresca;7;0.76;OK
329;Limón dulce;70212070;Lima limon o limon dulce;7;0.6;OK
22;Galletas María;70214002;Galletas dulces, simples tipo maria;7;1;OK
135;Rabo de cerdo;70204022;Cerdo, cola o rabo, crudo;7;0.7;OK
176;Mortadela;70207018;Mortadela de cerdo y res;6;1;OK
365;Ajonjolí;70210014;Semilla de ajonjoli o sesamo, seca;6;1;OK
518;Hojas de Menta;70222036;Menta, hojas frescas;5;0.61;OK
561;Extracto de vainilla;70222025;Vainilla, extracto;5;1;OK
4707;Salami de pavo;70207046;Salami de pavo, cocido;5;1;OK
294;Aceite de girasol;70216005;Aceite de girasol (65% ac linoleico);4;1;OK
7;Pan baguette integral;70214112;Pan baguette;4;1;OK
513;Albahaca;70222002;Albahaca, fresca;4;0.64;OK
211;Róbalo;70208037;Pescado,robalo,fresco;4;0.66;OK
253;Leche en polvo descremada;70201011;Leche descremada, en polvo, s/vit a&d;4;1;OK
5958;Tortilla de trigo;70214058;Tortilla de trigo, lista para hornear o freir;4;1;OK
519;Romero;70222020;Romero, fresco;3;0.65;OK
344;Níspero;70212030;Chicozapote o nispero de montana;3;0.8;OK
147;Riñón de res;70205041;Res, rinon, crudo;3;0.84;OK
62;Sémola de maíz;70213024;Crema de maiz, semola de maiz enriq. , no preparada;3;1;OK
189;Pepperoni;70207036;Pepperoni , res y cerdo;2;1;OK
7392;Jobo;70212066;Jocote comun/jobo, amarillo o rojo;2;0.66;OK
5875;Cúrcuma;70222030;Curcuma, polvo;2;1;OK
3007;Cabeza de res;70205076;Res, manita o cabeza de lomo, magra, cruda;2;0.93;OK
345;Pan de fruta;70212043;Fruta de pan o masapan;2;0.78;OK
119;Carne de pato;70203005;Pato de crianza, carne c/piel, cruda;2;0.72;OK
3994;Manzana amarilla;70212186;Manzana, amarilla, con cascara;2;0.9;OK
5871;Agua de coco envasada (coco rico);70212021;Coco, agua de;2;1;OK
4261;Aceite de ajonjolí;70216002;Aceite de ajonjoli;2;1;OK
416;Repollo chino;70211031;Canchon o repollo chino (pe-tsai);1;0.93;OK
7838;Alas de pollo;70203014;Pollo, alas c/piel, crudas;1;0.62;OK
520;Hierbabuena;70211092;Hierbabuena, fresca;1;0.61;OK
61;Harina de plátano;70212132;Platano, harina (crema de platano);1;1;OK
7839;Pechuga de pavo (Cruda);70203008;Pavo, pechuga c/piel, cruda;1;0.86;OK
3527;Pan de papa;70214126;Pan de papa;1;1;OK
3584;Pescado trucha;70208044;Pescado, trucha, fresca;1;0.52;OK
227;Pulpo;70208048;Pulpo, fresco;1;1;OK
309;Manteca vegetal;70216013;Manteca vegetal, todo uso, soya&palma hidrog.;1;1;OK
266;Queso de soya;70201129;Tofu o queso de soya, semiduro;1;1;OK
5164;Dulce de cereza;70212054;Guinda o cereza dulce, fresca;1;0.92;OK
81;Germen de trigo;70213087;Trigo, germen de, crudo;1;1;OK
4668;Salchicha cocida;70207051;Salchicha, de pavo, cocida;1;1;OK
5600;Filete de cerdo;70204031;Cerdo, solomillo o filete, semimagro, crudo;1;0.94;OK
146;Lengua de cerdo;70204015;Cerdo, lengua, cruda;1;0.84;OK
3500;Pan de avena;70214121;Pan de avena;1;1;OK
4884;Perejil seco el polvo;70222039;Perejil, seco;1;1;OK
4269;Mamón;70212076;Mamoncillo/mamon;1;0.51;OK
6465;Pistacho;70210029;Semilla de pistacho, cruda;1;0.53;OK
308;Manteca de cerdo;70216012;Manteca de cerdo;1;1;OK
141;Corazón de res;70205028;Res, corazon, crudo;1;0.71;OK
5835;Harina integral;70213152;Harina de arroz, integral;1;1;DUDOSA
142;Lengua de res;70205036;Res, lengua, cruda;1;0.84;OK
2887;Avena preparada;70213007;Avena instantanea, fortificada, preparada c/agua;1;1;OK
2667;Agua de coco servida;70212021;Coco, agua de;1;1;OK
6743;Caimito;70212012;Caimito morado;1;0.65;OK
8244;Semillas de girasol;70210045;Semilla de girasol seca;1;0.54;OK
3961;Macarrones con queso;70213073;Pasta enlatada, macarrones c/queso;1;1;OK
