variable,clase
trimestre,numeric
replica,numeric
ano,numeric
mes,numeric
decena,numeric
estrato,numeric
des_estrato,character
id_provincia,numeric
des_provincia,character
id_municipio,numeric
des_municipio,character
id_distrito_municipal,numeric
des_distrito_municipal,character
id_seccion,numeric
des_seccion,character
id_barrio_paraje,numeric
des_barrio_paraje,character
upm,numeric
factor_expansion,numeric
orden,numeric
vivienda,numeric
hogar,numeric
miembro,numeric
encuestador_id,numeric
supervisor_id,numeric
coordinador_id,numeric
holgura,numeric
perdida_turismo,numeric
paraje,character
miembro_telefono,numeric
orden_croquis,numeric
alumbrado_publico,numeric
calles_asfaltadas,numeric
a101,numeric
a102,numeric
a201,numeric
a201_pisos,numeric
a201_aptos,numeric
a201_esp,logical
a202a,numeric
a202a_esp,logical
a202b,numeric
a202b_esp,character
a202c,numeric
a202c_esp,character
a202d,numeric
a202d_esp,character
a203_pared,numeric
a203_techo,numeric
a203_piso,numeric
a204,numeric
a204_esp,logical
a205,numeric
a206,numeric
a207,numeric
a208,numeric
a209,numeric
a210,numeric
a211,numeric
a212,numeric
a213,numeric
a213_esp,character
a214,numeric
a214_esp,character
a215,numeric
a215_esp,logical
a216,numeric
a217,numeric
a218,numeric
a218_esp,character
a219,numeric
a219_esp,logical
a220a,numeric
a220a_cuantos,numeric
a220b,numeric
a220b_cuantos,numeric
a220c,numeric
a220c_cuantos,numeric
a221,numeric
a222,numeric
a222_esp,character
a223,numeric
a224,numeric
a224_esp,character
a301,numeric
a301_esp,logical
a302,numeric
a302a,numeric
a302b,numeric
a302c,numeric
a302d,numeric
a302e,numeric
a302f,numeric
a302g,numeric
a302h,numeric
a302i,numeric
a302j,numeric
a302k,numeric
a303,numeric
a303_cuantos,numeric
a304a,numeric
a304b,numeric
a304c,numeric
a304d,numeric
a304e,numeric
a304f,numeric
a304g,numeric
a304h,numeric
a304i,numeric
a304i_esp,character
a305,numeric
a306,numeric
a307a,numeric
a307b,numeric
a307c,numeric
a307d,numeric
a307e,numeric
a307e_esp,character
a308,numeric
a308_cant,numeric
a309,numeric
a309_cant,numeric
a309_autos_exc,numeric
a309_motos_exc,numeric
a309_otros_exc,numeric
a309_autos_neg,numeric
a309_motos_neg,numeric
a309_otros_neg,numeric
a309_autos_comp,numeric
a309_motos_comp,numeric
a309_otros_comp,numeric
a309_autos_asig,numeric
a309_motos_asig,numeric
a309_otros_asig,numeric
a310,numeric
a310a,numeric
a310a_minicomp,numeric
a310a_subwoofer,numeric
a310b,numeric
a310b_tradicional,numeric
a310b_plana,numeric
a310b_smart,numeric
a310c,numeric
a310c_nosmart,numeric
a310c_smart,numeric
a310c_hometheater,numeric
a310d,numeric
a310d_sinhorno,numeric
a310d_horno,numeric
a310d_conhornodig,numeric
a310d_empotrada,numeric
a310e,numeric
a310e_tradicional,numeric
a310e_altaeficiencia,numeric
a310f,numeric
a310f_tradicional,numeric
a310f_altaeficiencia,numeric
a310g,numeric
a310g_tradicional,numeric
a310g_altaeficiencia,numeric
a310h,numeric
a310h_ventana,numeric
a310h_split,numeric
a310h_split_ae,numeric
a310i,numeric
a310i_pared,numeric
a310i_techo,numeric
a310i_pedestal,numeric
a310i_mesa,numeric
a310j,numeric
a310j_electrico,numeric
a310j_gas,numeric
a310k,numeric
a310k_analogo,numeric
a310k_digital,numeric
a310l,numeric
a310l_cant,numeric
a310m,numeric
a310m_cant,numeric
a310n,numeric
a310n_cant,numeric
a310o,numeric
a310o_cant,numeric
a310p,numeric
a310p_cant,numeric
a310q,numeric
a310q_cant,numeric
a310r,numeric
a310r_cant,numeric
a310s,numeric
a310s_cant,numeric
a310t,numeric
a310t_cant,numeric
a310u,numeric
a310u_cant,numeric
a310v,numeric
a310v_cant,numeric
a310y,numeric
a310y_cant,numeric
a310y_esp,character
a401a,numeric
a401b,numeric
a401_informante,numeric
miembro_informante_a,numeric
a402,numeric
a403,numeric
a404,numeric
a405,numeric
a406,numeric
a407,numeric
a408,numeric
a409,numeric
a410,numeric
a410_esp,character
a411,numeric
a412,numeric
a412_esp,character
a413,numeric
a414,numeric
a414_esp,character
a415,numeric
a416a,numeric
a416b,numeric
a416c,numeric
a416d,numeric
a416e,numeric
a417,numeric
a417_esp,character
a418,numeric
a419,numeric
a420,numeric
a421,numeric
a422,numeric
a423,numeric
a423_esp,character
a424,numeric
a425,numeric
a426,numeric
a427,numeric
a428,numeric
a429,numeric
a430,numeric
a431,numeric
a432,numeric
a433,numeric
miembro_informante_d,numeric
d101,numeric
d102,numeric
d103,numeric
d104,numeric
d105,numeric
d105_esp,character
d106,numeric
d107,numeric
d201,numeric
d202,numeric
d202_esp,character
d203,numeric
d204,numeric
d205,numeric
d205a,numeric
d205_esp,character
d206,numeric
d207,numeric
d208,numeric
d301,numeric
d301a,numeric
d302,character
d302_cod,numeric
d303,character
d304a,numeric
d304m,numeric
d304d,numeric
d305,numeric
d306,numeric
d307a,numeric
d307b,numeric
d307c,numeric
d307d,numeric
d307e,numeric
d307f,numeric
d307f_esp,character
d308a,numeric
d308b,numeric
d308c,numeric
d308d,numeric
d308d_esp,logical
d309,character
d309_cod,numeric
d310,numeric
d310_nombre,character
d311,numeric
d311_esp,character
d312,numeric
d312_cant,numeric
d313,numeric
d314,numeric
d315a,numeric
d315b,numeric
d315c,numeric
d315d,numeric
d315e,numeric
d315f,numeric
d315g,numeric
d315h,numeric
d316,numeric
d401,numeric
d402,numeric
d402_monto,numeric
d402_moneda,character
d402_periodo,numeric
d402_dias,numeric
d403a,numeric
d403a_monto,numeric
d403b,numeric
d403b_monto,numeric
d403c,numeric
d403c_monto,numeric
d403d,numeric
d403d_monto,numeric
d403e,numeric
d403e_monto,logical
d403f,numeric
d403f_monto,numeric
d403g,numeric
d403g_monto,numeric
d403h,numeric
d403h_esp,character
d403h_monto,numeric
d404a,numeric
d404b,numeric
d404c,numeric
d405a,numeric
d405a_monto,numeric
d405b,numeric
d405b_monto,numeric
d405c,numeric
d405c_monto,numeric
d405d,numeric
d405d_monto,numeric
d405e,numeric
d405e_monto,logical
d405f,numeric
d405f_monto,numeric
d405g,numeric
d405g_esp,logical
d405g_monto,logical
d405h,numeric
d405h_monto,logical
d405i,numeric
d405i_esp,logical
d405i_monto,logical
d406a,numeric
d406a_monto,numeric
d406b,numeric
d406b_monto,numeric
d406c,numeric
d406c_monto,numeric
d406d,numeric
d406d_monto,numeric
d406e,numeric
d406e_monto,numeric
d406f,numeric
d406f_monto,numeric
d406g,numeric
d406g_monto,numeric
d406h,numeric
d406h_esp,character
d406h_monto,numeric
d407,numeric
d4081,character
d4081_cod,numeric
d4082,character
d4082_cod,numeric
d4083,character
d4083_cod,numeric
d4084,character
d4084_cod,numeric
d4085,logical
d4085_cod,logical
d409,numeric
d409_monto,numeric
d409_moneda,character
d409_estimado,numeric
d410,numeric
d410_monto,logical
d410_moneda,logical
d411,numeric
d411_esp,logical
d412,logical
d412_monto,logical
d412_moneda,logical
d412_estimado,logical
d413a,numeric
d413a_monto,numeric
d413b,numeric
d413b_monto,logical
d413c,numeric
d413c_monto,logical
d413d,numeric
d413d_esp,logical
d413d_monto,logical
d414,numeric
d415,numeric
d415_monto,numeric
d415_moneda,character
d415_periodo,numeric
d415_dias,logical
d416a,numeric
d416a_monto,logical
d416b,numeric
d416b_monto,numeric
d416c,numeric
d416c_monto,logical
d417a,numeric
d417a_monto,logical
d417b,numeric
d417b_monto,logical
d417c,numeric
d417c_monto,logical
d417d,numeric
d417d_monto,logical
d417e,numeric
d417e_monto,logical
d417f,numeric
d417f_monto,logical
d417g,numeric
d417g_esp,logical
d417g_monto,logical
d417h,numeric
d417h_monto,numeric
d417i,numeric
d417i_esp,logical
d417i_monto,logical
d418,numeric
d418_monto,numeric
d418_moneda,character
d418_periodo,numeric
d418_dias,numeric
d419a,numeric
d419a_monto,numeric
d419b,numeric
d419b_monto,numeric
d419c,numeric
d419c_monto,numeric
d420a,numeric
d420a_monto,numeric
d420b,numeric
d420b_monto,numeric
d420c,numeric
d420c_monto,numeric
d421a,numeric
d421a_monto,numeric
d421b,numeric
d421b_monto,numeric
d421c,numeric
d421c_monto,numeric
d421d,numeric
d421d_esp,character
d421d_monto,numeric
d422,numeric
d422_monto,numeric
d422_promedio,numeric
d423,numeric
d423_monto,numeric
d423_promedio,numeric
d424a_monto,numeric
d424a_porc,numeric
d424b_monto,numeric
d424b_porc,numeric
d424c_monto,numeric
d424c_porc,numeric
d424d_monto,numeric
d424d_porc,numeric
d424e_monto,numeric
d424e_porc,numeric
d424f_monto,numeric
d424f_porc,numeric
d424g_monto,numeric
d424g_porc,numeric
d424h_monto,numeric
d424h_porc,numeric
d424i_monto,numeric
d424i_porc,numeric
d424j_monto,numeric
d424j_porc,numeric
d424k_monto,numeric
d424k_porc,numeric
d424l_monto,numeric
d424l_porc,numeric
d424m_monto,numeric
d424m_porc,numeric
d424n_monto,numeric
d424n_porc,numeric
d424o_monto,numeric
d424o_porc,numeric
d424p_esp,character
d424p_monto,numeric
d424p_porc,numeric
d501,numeric
d502,numeric
d601,numeric
d602,numeric
d602_monto,numeric
d602_moneda,character
d602_periodo,numeric
d602_dias,logical
d603,numeric
d603_monto,numeric
d604a,numeric
d604b,numeric
d604c,numeric
d605,numeric
d605_monto,numeric
d606,numeric
d606_monto,numeric
d607,numeric
d6081,logical
d6081_cod,logical
d6082,logical
d6082_cod,logical
d6083,logical
d6083_cod,logical
d6084,logical
d6084_cod,logical
d6085,logical
d6085_cod,logical
d609,logical
d609_monto,logical
d609_moneda,logical
d609_estimado,logical
d610,logical
d610_monto,logical
d610_moneda,logical
d611,logical
d611_esp,logical
d612,logical
d612_monto,logical
d612_moneda,logical
d612_estimado,logical
d613,logical
d613_monto,logical
d614,numeric
d615,numeric
d615_monto,numeric
d615_moneda,character
d615_periodo,numeric
d615_dias,logical
d616a,numeric
d616a_monto,logical
d616b,numeric
d616b_monto,logical
d616c,numeric
d616c_monto,logical
d617,numeric
d617_monto,logical
d618,numeric
d618_monto,numeric
d618_moneda,character
d618_periodo,numeric
d618_dias,numeric
d619,numeric
d619_monto,logical
d620,numeric
d620_monto,numeric
d621,numeric
d621_monto,numeric
d621_moneda,character
d701a,numeric
d701a_monto,numeric
d701b,numeric
d701b_monto,numeric
d701c,numeric
d701c_monto,numeric
d701d,numeric
d701d_monto,numeric
d701e,numeric
d701e_monto,numeric
d701f,numeric
d701f_monto,numeric
d701g,numeric
d701g_monto,numeric
d701h,numeric
d701h_monto,numeric
d701i,numeric
d701i_monto,numeric
d701j,numeric
d701j_monto,numeric
d701k,numeric
d701k1_monto,numeric
d701k2_monto,numeric
d701k3_monto,numeric
d701k4_monto,numeric
d701k5_monto,numeric
d701k6_monto,numeric
d701k7_monto,numeric
d701k8_monto,numeric
d701k9_monto,numeric
d701k10_monto,numeric
d701l,numeric
d701l_monto,logical
d701m,numeric
d701m_monto,numeric
d701n,numeric
d701n_esp,character
d701n_monto,numeric
d702a,numeric
d702a_monto,numeric
d702b,numeric
d702b_monto,numeric
d702c,numeric
d702c_monto,numeric
d702d,numeric
d702d_monto,numeric
d702e,numeric
d702e_monto,logical
d702f,numeric
d702f_monto,logical
d702g,numeric
d702g_monto,numeric
d702h,numeric
d702h_monto,logical
d702i,numeric
d702i_monto,numeric
d702j,numeric
d702j_esp,logical
d702j_monto,logical
d703a,numeric
d703a_monto,numeric
d703b,numeric
d703b_monto,numeric
d703c,numeric
d703c_monto,logical
d703d,numeric
d703d_monto,logical
d703e,numeric
d703e_monto,logical
d703f,numeric
d703f_monto,logical
d703g,numeric
d703g_esp,logical
d703g_monto,logical
d704a,numeric
d704a_monto,numeric
d704b,numeric
d704b_monto,numeric
d704c,numeric
d704c_monto,numeric
d704d,numeric
d704d_monto,logical
d704e,numeric
d704e_esp,logical
d704e_monto,logical
d705a,numeric
d705a_monto,numeric
d705b,numeric
d705b_monto,logical
d705c,numeric
d705c_esp,logical
d705c_monto,logical
d705d,numeric
d705d_monto,numeric
d705e,numeric
d705e_monto,numeric
d705f,numeric
d705f_monto,logical
d705g,numeric
d705g_esp,character
d705g_monto,numeric
d705h,numeric
d705h_monto,logical
d705i,numeric
d705i_monto,logical
d705j,numeric
d705j_monto,numeric
d705k,numeric
d705k_monto,logical
d705l,numeric
d705l_monto,logical
d705m,numeric
d705m_monto,numeric
d705n,numeric
d705n_monto,numeric
d705o,numeric
d705o_monto,numeric
d705p,numeric
d705p_esp,character
d705p_monto,numeric
d706a,numeric
d706a_horas,numeric
d706a_monto,numeric
d706a_porc,numeric
d706b,numeric
d706b_horas,numeric
d706b_monto,numeric
d706b_porc,numeric
d706c,numeric
d706c_horas,logical
d706c_monto,logical
d706c_porc,logical
d706d,numeric
d706d_horas,logical
d706d_monto,logical
d706d_porc,logical
d801a,numeric
d801a_pais,character
d801a_moneda,character
d801a_monto,numeric
d801b,numeric
d801b_pais,logical
d801b_moneda,logical
d801b_monto,logical
d801c,numeric
d801c_pais,logical
d801c_moneda,logical
d801c_monto,logical
d801d,numeric
d801d_pais,logical
d801d_moneda,logical
d801d_monto,logical
d801e,numeric
d801e_esp,character
d801e_pais,character
d801e_moneda,character
d801e_monto,numeric
d801f,numeric
d801f_esp,character
d801f_monto,numeric
d801f_frecuencia,numeric
d801f_frecuencia_esp,logical
d802m1_1,numeric
d802m1_1_monto,numeric
d802m1_1_pais,character
d802m1_1_moneda,character
d802m1_1_forma,numeric
d802m2_1,logical
d802m2_1_monto,numeric
d802m2_1_pais,character
d802m2_1_moneda,character
d802m2_1_forma,numeric
d802m3_1,logical
d802m3_1_monto,numeric
d802m3_1_pais,character
d802m3_1_moneda,character
d802m3_1_forma,numeric
d802m4_1,logical
d802m4_1_monto,numeric
d802m4_1_pais,character
d802m4_1_moneda,character
d802m4_1_forma,numeric
d802m5_1,logical
d802m5_1_monto,numeric
d802m5_1_pais,character
d802m5_1_moneda,character
d802m5_1_forma,numeric
d802m6_1,logical
d802m6_1_monto,numeric
d802m6_1_pais,character
d802m6_1_moneda,character
d802m6_1_forma,numeric
d802m7_1,logical
d802m7_1_monto,numeric
d802m7_1_pais,character
d802m7_1_moneda,character
d802m7_1_forma,numeric
d802m8_1,logical
d802m8_1_monto,numeric
d802m8_1_pais,character
d802m8_1_moneda,character
d802m8_1_forma,numeric
d802m9_1,logical
d802m9_1_monto,numeric
d802m9_1_pais,character
d802m9_1_moneda,character
d802m9_1_forma,numeric
d802m10_1,logical
d802m10_1_monto,numeric
d802m10_1_pais,character
d802m10_1_moneda,character
d802m10_1_forma,numeric
d802m11_1,logical
d802m11_1_monto,numeric
d802m11_1_pais,character
d802m11_1_moneda,character
d802m11_1_forma,numeric
d802m12_1,logical
d802m12_1_monto,numeric
d802m12_1_pais,character
d802m12_1_moneda,character
d802m12_1_forma,numeric
d802m1_2,numeric
d802m1_2_monto,numeric
d802m1_2_pais,character
d802m1_2_moneda,character
d802m1_2_forma,numeric
d802m2_2,logical
d802m2_2_monto,numeric
d802m2_2_pais,character
d802m2_2_moneda,character
d802m2_2_forma,numeric
d802m3_2,logical
d802m3_2_monto,numeric
d802m3_2_pais,character
d802m3_2_moneda,character
d802m3_2_forma,numeric
d802m4_2,logical
d802m4_2_monto,numeric
d802m4_2_pais,character
d802m4_2_moneda,character
d802m4_2_forma,numeric
d802m5_2,logical
d802m5_2_monto,numeric
d802m5_2_pais,character
d802m5_2_moneda,character
d802m5_2_forma,numeric
d802m6_2,logical
d802m6_2_monto,numeric
d802m6_2_pais,character
d802m6_2_moneda,character
d802m6_2_forma,numeric
d802m7_2,logical
d802m7_2_monto,numeric
d802m7_2_pais,character
d802m7_2_moneda,character
d802m7_2_forma,numeric
d802m8_2,logical
d802m8_2_monto,numeric
d802m8_2_pais,character
d802m8_2_moneda,character
d802m8_2_forma,numeric
d802m9_2,logical
d802m9_2_monto,numeric
d802m9_2_pais,character
d802m9_2_moneda,character
d802m9_2_forma,numeric
d802m10_2,logical
d802m10_2_monto,numeric
d802m10_2_pais,character
d802m10_2_moneda,character
d802m10_2_forma,numeric
d802m11_2,logical
d802m11_2_monto,numeric
d802m11_2_pais,character
d802m11_2_moneda,character
d802m11_2_forma,numeric
d802m12_2,logical
d802m12_2_monto,numeric
d802m12_2_pais,character
d802m12_2_moneda,character
d802m12_2_forma,numeric
d802m1_3,numeric
d802m1_3_monto,logical
d802m1_3_pais,logical
d802m1_3_moneda,logical
d802m1_3_forma,logical
d802m2_3,logical
d802m2_3_monto,logical
d802m2_3_pais,logical
d802m2_3_moneda,logical
d802m2_3_forma,logical
d802m3_3,logical
d802m3_3_monto,logical
d802m3_3_pais,logical
d802m3_3_moneda,logical
d802m3_3_forma,logical
d802m4_3,logical
d802m4_3_monto,logical
d802m4_3_pais,logical
d802m4_3_moneda,logical
d802m4_3_forma,logical
d802m5_3,logical
d802m5_3_monto,logical
d802m5_3_pais,logical
d802m5_3_moneda,logical
d802m5_3_forma,logical
d802m6_3,logical
d802m6_3_monto,logical
d802m6_3_pais,logical
d802m6_3_moneda,logical
d802m6_3_forma,logical
d802m7_3,logical
d802m7_3_monto,logical
d802m7_3_pais,logical
d802m7_3_moneda,logical
d802m7_3_forma,logical
d802m8_3,logical
d802m8_3_monto,logical
d802m8_3_pais,logical
d802m8_3_moneda,logical
d802m8_3_forma,logical
d802m9_3,logical
d802m9_3_monto,logical
d802m9_3_pais,logical
d802m9_3_moneda,logical
d802m9_3_forma,logical
d802m10_3,logical
d802m10_3_monto,logical
d802m10_3_pais,logical
d802m10_3_moneda,logical
d802m10_3_forma,logical
d802m11_3,logical
d802m11_3_monto,logical
d802m11_3_pais,logical
d802m11_3_moneda,logical
d802m11_3_forma,logical
d802m12_3,logical
d802m12_3_monto,logical
d802m12_3_pais,logical
d802m12_3_moneda,logical
d802m12_3_forma,logical
d802m1_4,numeric
d802m1_4_monto,logical
d802m1_4_pais,logical
d802m1_4_moneda,logical
d802m1_4_forma,logical
d802m2_4,logical
d802m2_4_monto,logical
d802m2_4_pais,logical
d802m2_4_moneda,logical
d802m2_4_forma,logical
d802m3_4,logical
d802m3_4_monto,logical
d802m3_4_pais,logical
d802m3_4_moneda,logical
d802m3_4_forma,logical
d802m4_4,logical
d802m4_4_monto,logical
d802m4_4_pais,logical
d802m4_4_moneda,logical
d802m4_4_forma,logical
d802m5_4,logical
d802m5_4_monto,logical
d802m5_4_pais,logical
d802m5_4_moneda,logical
d802m5_4_forma,logical
d802m6_4,logical
d802m6_4_monto,logical
d802m6_4_pais,logical
d802m6_4_moneda,logical
d802m6_4_forma,logical
d802m7_4,logical
d802m7_4_monto,logical
d802m7_4_pais,logical
d802m7_4_moneda,logical
d802m7_4_forma,logical
d802m8_4,logical
d802m8_4_monto,logical
d802m8_4_pais,logical
d802m8_4_moneda,logical
d802m8_4_forma,logical
d802m9_4,logical
d802m9_4_monto,logical
d802m9_4_pais,logical
d802m9_4_moneda,logical
d802m9_4_forma,logical
d802m10_4,logical
d802m10_4_monto,logical
d802m10_4_pais,logical
d802m10_4_moneda,logical
d802m10_4_forma,logical
d802m11_4,logical
d802m11_4_monto,logical
d802m11_4_pais,logical
d802m11_4_moneda,logical
d802m11_4_forma,logical
d802m12_4,logical
d802m12_4_monto,logical
d802m12_4_pais,logical
d802m12_4_moneda,logical
d802m12_4_forma,numeric
d802m12_4_monto_rd,logical
pet,numeric
pea,numeric
ocupado,numeric
desocupado,numeric
orden_rama,numeric
grupo_rama,character
orden_ocupacion,numeric
grupo_ocupacion,character
orden_categoria,numeric
grupo_categoria,character
orden_edad,numeric
grupo_edad,character
orden_educacion,numeric
grupo_educacion,character
orden_sector,numeric
grupo_sector,character
orden_region,numeric
grupo_region,character
orden_empleo,numeric
grupo_empleo,character
escolaridad,numeric
salario_principal,numeric
comisiones_princ,numeric
propinas_princ,numeric
horas_extra_princ,numeric
viaticos_nac_princ,numeric
viaticos_ext_princ,numeric
pasajes_princ,numeric
representacion_princ,numeric
otros_pagos_mes_princ,numeric
bono_vacaciones_princ,numeric
bonificacion_princ,numeric
regalia_pascual_princ,numeric
antiguedad_princ,numeric
dividendos_princ,numeric
pago_educacion_princ,numeric
beneficios_extra_princ,numeric
util_empresariales_princ,numeric
otros_pagos_ano_princ,numeric
especie_alimento_princ,numeric
especie_vivienda_princ,numeric
especie_serv_residen_princ,numeric
especie_transporte_princ,numeric
especie_combustible_princ,numeric
especie_mant_vehiculo_princ,numeric
especie_celular,numeric
especie_otros_princ,numeric
ganancia_agro_princ,numeric
autocons_alimento_agro_princ,numeric
autocons_bienes_agro_princ,numeric
autocons_servicios_agro_princ,numeric
autocons_otro_agro_princ,numeric
salario_indep_princ,numeric
bono_vacaciones_indep_princ,numeric
bonificacion_indep_princ,numeric
regalia_pascual_indep_princ,numeric
antiguedad_indep_princ,numeric
dividendos_indep_princ,numeric
pago_educacion_indep_princ,numeric
beneficios_extra_indep_princ,numeric
util_empresariales_indep_princ,numeric
otros_pagos_ano_indep_princ,numeric
ganancia_indep_princ,numeric
autocons_alimento_indep_princ,numeric
autocons_bienes_indep_princ,numeric
autocons_servicios_indep_princ,numeric
autocons_otro_indep_princ,numeric
salario_secundario,numeric
beneficios_asalariado_secun,numeric
beneficios_asal_ano_secun,numeric
especie_asalariado_secun,numeric
ganancia_agro_secun,numeric
autocons_indep_secun,numeric
salario_indep_secun,numeric
pagos_ano_indep_secun,numeric
ganancia_indep_secun,numeric
autocons_agro_secun,numeric
otras_ocupaciones,numeric
ayuda_especie,numeric
alimento_escuela,numeric
remesas_nac,numeric
pago_servicios,numeric
empresas_becas,numeric
estado_becas,numeric
ong_becas,numeric
pension,numeric
manutencion_especie,numeric
manutencion_dinero,numeric
comer_es_primero,numeric
ilae,numeric
bonoluz,numeric
bonogas_chofer,numeric
bonogas_hogar,numeric
proteccion_vejez,numeric
estudiante_progreso,numeric
educacion_superior,numeric
policia_preventiva,numeric
marina_guerra,numeric
empresas_dinero_especie,numeric
ong_dinero_especie,numeric
otras_transf_mes,numeric
regalia_pension,numeric
remesas_ano,numeric
especie_ano,numeric
empresas_dinero_especie_ano,numeric
ong_dinero_especie_ano,numeric
empresas_becas_ano,numeric
estado_becas_ano,numeric
ong_becas_ano,numeric
indemnizacion_laboral,numeric
otro_ano,numeric
alq_inmueble,numeric
alq_local,numeric
arrendamiento_tierra,numeric
alq_vehiculos,numeric
alq_derecho_autor,numeric
alquiler_maquinaria,numeric
otros_alquileres,numeric
interes_prestamo,numeric
interes_ahorro,numeric
interes_certificados,numeric
dividendos_acciones,numeric
otros_intereses,numeric
herencia,numeric
indemnizacion_seguros,numeric
indemnizacion_otros_seguros,numeric
juegos_azar,numeric
recuperacion_dinero_prestado,numeric
prestamo_vivienda,numeric
otro_prestamo,numeric
indemnizacion_accidente_trab,numeric
indemnizacion_danos_tercero,numeric
venta_animales_dom,numeric
venta_acciones,numeric
retiro_ahorros,numeric
cobro_san,numeric
canje_puntos,numeric
bono_compra,numeric
otros_ocasionales,numeric
consumo_cultivos,numeric
consumo_crianza,numeric
consumo_pesca,numeric
consumo_preparados,numeric
pension_ext,numeric
intereses_ext,numeric
alquiler_ext,numeric
pago_servicios_ext,numeric
otros_ext,numeric
regalos_ext_frecuente,numeric
regalos_ext_ocasional,numeric
remesas_ext,numeric
hora_mensual_imp,numeric
nvl_salario_mensual_princ_imp_0,numeric
nvl_regalia_princ_imp_0,numeric
nvl_ganancia_mensual_agro_prin_imp_0,numeric
nvl_perdida_mensual_agro_princ_imp_0,numeric
nvl_ganancia_mensual_indep_pri_imp_0,numeric
nvl_salario_mensual_indep_prin_imp_0,numeric
nvl_pension_mensual_imp_0,numeric
nvl_regalia_pension_imp_0,numeric
quintil,numeric
