seccion;id_variedad;descripcion;alimento_agrupado;grupo_mddw;revisado
Sec 2;1;PANES;Pan blanco;01 Cereales, raíces y tubérculos blancos, y plátanos;si
Sec 2;2;GALLETAS DULCES;Galletas dulces;Dulces;si
Sec 2;3;GALLETAS SALADAS;Galletas saladas y de soda;01 Cereales, raíces y tubérculos blancos, y plátanos;si
Sec 2;4;HARÍNA DE MAÍZ;Harina y grano de maíz;01 Cereales, raíces y tubérculos blancos, y plátanos;si
Sec 2;5;AVENA;Avena;01 Cereales, raíces y tubérculos blancos, y plátanos;si
Sec 2;6;FIEDOS O SPAGUETTIS (PASTAS);Pastas;01 Cereales, raíces y tubérculos blancos, y plátanos;si
Sec 2;7;ARROZ;Arroz blanco;01 Cereales, raíces y tubérculos blancos, y plátanos;si
Sec 2;8;CARNE DE RES;Res;05 Carnes, aves y pescado;si
Sec 2;9;POLLO;Pollo y otras aves;05 Carnes, aves y pescado;si
Sec 2;10;CARNE DE CERDO;Cerdo;05 Carnes, aves y pescado;si
Sec 2;11;PESCADO;Pescado fresco;05 Carnes, aves y pescado;si
Sec 2;12;MARISCOS;Mariscos;05 Carnes, aves y pescado;si
Sec 2;13;LECHE LíQUIDA;Leche entera;04 Lácteos;si
Sec 2;14;LECHE EN POLVO;Leche en polvo;04 Lácteos;si
Sec 2;15;HUEVOS;Huevos;06 Huevos;si
Sec 2;16;ACEITE;Aceite vegetal;Aceites y grasas;si
Sec 2;17;MANTEQUILLA;Margarina, mantequilla y manteca;Aceites y grasas;si
Sec 2;18;SALAMI;Salami y embutidos;05 Carnes, aves y pescado;si
Sec 2;19;SARDINAS EN AGUA;Sardinas;05 Carnes, aves y pescado;si
Sec 2;20;SARDINAS EN ACEITE;Sardinas;05 Carnes, aves y pescado;si
Sec 2;21;PICA PICA;Sardinas;05 Carnes, aves y pescado;si
Sec 2;22;ATÚN EN AGUA;Atún y pescado enlatado;05 Carnes, aves y pescado;si
Sec 2;23;ATÚN EN ACEITE;Atún y pescado enlatado;05 Carnes, aves y pescado;si
Sec 2;24;PLÁTANO VERDE;Plátano;01 Cereales, raíces y tubérculos blancos, y plátanos;si
Sec 2;25;GUINEITO VERDE;Guineo verde;01 Cereales, raíces y tubérculos blancos, y plátanos;si
Sec 2;26;PAPAS;Papa;01 Cereales, raíces y tubérculos blancos, y plátanos;si
Sec 2;27;HABICHUELAS SUELTAS;Habichuelas y otras legumbres secas;02 Legumbres;si
Sec 2;28;HABICHUELAS ENLATADAS;Habichuelas y otras legumbres secas;02 Legumbres;si
Sec 2;29;AZUCARES;Azúcar;Dulces;si
Sec 2;30;CHOCOLATE O COCOA;Chocolate de taza y cocoa;Dulces;si
Sec 3A;569;Caldo de pollo (Sopita Concentrada);Caldo concentrado;Condimentos y sazonadores;si
Sec 3A;408;Cebolla roja;Cebolla;09 Otras verduras;si
Sec 3A;110;Pollo fresco;Pollo y otras aves;05 Carnes, aves y pescado;si
Sec 3A;545;Pasta de tomate(**);Pasta y salsas de tomate;Condimentos y sazonadores;si
Sec 3A;288;Huevos de granja (gallina);Huevos;06 Huevos;si
Sec 3A;410;Ajo;Especias y hierbas de sazón;Condimentos y sazonadores;si
Sec 3A;293;Aceite de soya;Aceite vegetal;Aceites y grasas;si
Sec 3A;2;Pan sobado;Pan blanco;01 Cereales, raíces y tubérculos blancos, y plátanos;si
Sec 3A;588;Refrescos;Refrescos y bebidas energéticas;Bebidas azucaradas;si
Sec 3A;392;Ají grande (cubanela);Ají cubanela;09 Otras verduras;si
Sec 3A;515;Cilantrico o verdura;Especias y hierbas de sazón;Condimentos y sazonadores;si
Sec 3A;66;Arroz selecto;Arroz blanco;01 Cereales, raíces y tubérculos blancos, y plátanos;si
Sec 3A;581;Café molido;Café;Otras bebidas y alimentos;si
Sec 3A;459;Azúcar morena;Azúcar;Dulces;si
Sec 3A;594;Agua purificada (Dasani, Planeta Azul y similares);Agua;Otras bebidas y alimentos;si
Sec 3A;67;Arroz corriente;Arroz blanco;01 Cereales, raíces y tubérculos blancos, y plátanos;si
Sec 3A;314;Plátano verde;Plátano;01 Cereales, raíces y tubérculos blancos, y plátanos;si
Sec 3A;1;Pan de agua;Pan blanco;01 Cereales, raíces y tubérculos blancos, y plátanos;si
Sec 3A;324;Guineo verde (guineíto);Guineo verde;01 Cereales, raíces y tubérculos blancos, y plátanos;si
Sec 3A;552;Sazón en polvo;Sazones, vinagres y esencias;Condimentos y sazonadores;si
Sec 3A;178;Salami súper especial;Salami y embutidos;05 Carnes, aves y pescado;si
Sec 3A;385;Yuca;Yuca;01 Cereales, raíces y tubérculos blancos, y plátanos;si
Sec 3A;243;Leche entera liquida con UHT;Leche entera;04 Lácteos;si
Sec 3A;23;Galletas saladas;Galletas saladas y de soda;01 Cereales, raíces y tubérculos blancos, y plátanos;si
Sec 3A;386;Papas;Papa;01 Cereales, raíces y tubérculos blancos, y plátanos;si
Sec 3A;368;Habichuelas pintas secas;Habichuelas y otras legumbres secas;02 Legumbres;si
Sec 3A;254;Leche evaporada;Leche evaporada;04 Lácteos;si
Sec 3A;371;Habichuelas blanditas;Habichuelas blanditas;02 Legumbres;si
Sec 3A;610;Jugo envasado de naranja;Jugos y mabí;Bebidas azucaradas;si
Sec 3A;311;Aguacate;Aguacate;10 Otras frutas;si
Sec 3A;420;Tomate Barceló o Bugalú;Tomate;09 Otras verduras;si
Sec 3A;399;Auyama;Auyama;08 Frutas y verduras ricas en vitamina A;si
Sec 3A;303;Margarina;Margarina, mantequilla y manteca;Aceites y grasas;si
Sec 3A;586;Chocolate en barra;Chocolate de taza y cocoa;Dulces;si
Sec 3A;88;Spaghetti;Pastas;01 Cereales, raíces y tubérculos blancos, y plátanos;si
Sec 3A;260;Queso cheddar amarillo;Queso madurado;04 Lácteos;si
Sec 3A;159;Chuleta ahumada;Carnes ahumadas y saladas;05 Carnes, aves y pescado;si
Sec 3A;177;Salami corriente;Salami y embutidos;05 Carnes, aves y pescado;si
Sec 3A;649;Malta;Malta;Bebidas azucaradas;si
Sec 3A;313;Plátano maduro;Plátano;01 Cereales, raíces y tubérculos blancos, y plátanos;si
Sec 3A;262;Queso blanco corriente;Queso blanco fresco;04 Lácteos;si
Sec 3A;128;Carne corriente de cerdo;Cerdo;05 Carnes, aves y pescado;si
Sec 3A;553;Sazón líquido;Sazones, vinagres y esencias;Condimentos y sazonadores;si
Sec 3A;393;Ají gustoso o cachucha;Especias y hierbas de sazón;Condimentos y sazonadores;si
Sec 3A;87;Fideos;Pastas;01 Cereales, raíces y tubérculos blancos, y plátanos;si
Sec 3A;232;Bacalao;Pescado salado (bacalao y arenque);05 Carnes, aves y pescado;no
Sec 3A;523;Canela en astilla;Especias y hierbas de sazón;Condimentos y sazonadores;no
Sec 3A;108;Carne corriente de res;Res;05 Carnes, aves y pescado;no
Sec 3A;396;Apio planta, apio gusto;Apio;09 Otras verduras;no
Sec 3A;403;Berenjena corriente;Berenjena;09 Otras verduras;no
Sec 3A;336;Naranja agria;Limón y naranja agria;Condimentos y sazonadores;no
Sec 3A;369;Habichuelas rojas secas;Habichuelas y otras legumbres secas;02 Legumbres;no
Sec 3A;323;Guineo maduro (banano);Guineo maduro;10 Otras frutas;no
Sec 3A;237;Sardinas en salsa de tomate;Sardinas;05 Carnes, aves y pescado;no
Sec 3A;400;Zanahoria;Zanahoria;08 Frutas y verduras ricas en vitamina A;no
Sec 3A;417;Repollo corriente;Lechuga y repollo;09 Otras verduras;no
Sec 3A;401;Tomates de ensalada;Tomate;09 Otras verduras;no
Sec 3A;427;Lechuga repollada;Lechuga y repollo;09 Otras verduras;no
Sec 3A;587;Cocoa y chocolate en polvo;Chocolate de taza y cocoa;Dulces;no
Sec 3A;71;Avena en hojuela o entera;Avena;01 Cereales, raíces y tubérculos blancos, y plátanos;no
Sec 3A;389;Batata;Batata;01 Cereales, raíces y tubérculos blancos, y plátanos;no
Sec 3A;174;Longaniza;Salami y embutidos;05 Carnes, aves y pescado;no
Sec 3A;611;Jugo envasado de pera;Jugos y mabí;Bebidas azucaradas;no
Sec 3A;506;Sal molida refinada;Sal;Condimentos y sazonadores;no
Sec 3A;328;Limón agrio;Limón y naranja agria;Condimentos y sazonadores;no
Sec 3A;376;Guandules verdes desgranados;Guandules verdes;02 Legumbres;no
Sec 3A;447;Maíz enlatado;Maíz tierno;01 Cereales, raíces y tubérculos blancos, y plátanos;no
Sec 3A;419;Tayota;Tayota;09 Otras verduras;no
Sec 3A;20;Galletas dulces;Galletas dulces;Dulces;no
Sec 3A;439;Guandules verdes en lata;Guandules verdes;02 Legumbres;no
Sec 3A;514;Cilantro;Especias y hierbas de sazón;Condimentos y sazonadores;no
Sec 3A;242;Leche fresca o cruda de vaca;Leche entera;04 Lácteos;no
Sec 3A;58;Harina de trigo;Harina de trigo y trigo;01 Cereales, raíces y tubérculos blancos, y plátanos;no
Sec 3A;19;Galletas de soda;Galletas saladas y de soda;01 Cereales, raíces y tubérculos blancos, y plátanos;no
Sec 3A;579;Snacks y picaderas de todo tipo (excepto papitas fritas);Snacks salados;Alimentos fritos y salados;no
Sec 3A;414;Pepino;Pepino;09 Otras verduras;no
Sec 3A;56;Harinas de maíz;Harina y grano de maíz;01 Cereales, raíces y tubérculos blancos, y plátanos;no
Sec 3A;3587;Ñame blanco;Ñame;01 Cereales, raíces y tubérculos blancos, y plátanos;no
Sec 3A;367;Habichuelas negras secas;Habichuelas y otras legumbres secas;02 Legumbres;no
Sec 3A;458;Azúcar blanca refinada;Azúcar;Dulces;no
Sec 3A;359;Cocos secos;Coco seco;10 Otras frutas;no
Sec 3A;652;Cigarrillos con filtro;No alimento;No alimento;no
Sec 3A;340;Piña;Piña;10 Otras frutas;no
Sec 3A;645;Cerveza clara;Bebidas alcohólicas;Otras bebidas y alimentos;no
Sec 3A;395;Ají morrón;Ají morrón;09 Otras verduras;no
Sec 3A;18;Galletas de harina / Galleta de manteca;Galletas saladas y de soda;01 Cereales, raíces y tubérculos blancos, y plátanos;no
Sec 3A;326;Lechosa;Lechosa;08 Frutas y verduras ricas en vitamina A;no
Sec 3A;76;Corn Flakes (incluye rice flakes, cereales de chocolates, frutas y demás);Cereales de desayuno;01 Cereales, raíces y tubérculos blancos, y plátanos;no
Sec 3A;535;Orégano en polvo;Especias y hierbas de sazón;Condimentos y sazonadores;no
Sec 3A;383;Yautía blanca;Yautía;01 Cereales, raíces y tubérculos blancos, y plátanos;no
Sec 3A;267;Queso holandés (Geo, gouda y similares);Queso madurado;04 Lácteos;no
Sec 3A;496;Hielo industrializado;Hielo;Otras bebidas y alimentos;no
Sec 3A;228;Arenque;Pescado salado (bacalao y arenque);05 Carnes, aves y pescado;no
Sec 3A;317;Chinola;Chinola y granadillo;10 Otras frutas;no
Sec 3A;251;Leche en polvo entera;Leche en polvo;04 Lácteos;no
Sec 3A;457;Papas fritas (snack y picaderas);Snacks salados;Alimentos fritos y salados;no
Sec 3A;534;Orégano;Especias y hierbas de sazón;Condimentos y sazonadores;no
Sec 3A;263;Queso blanco de freír;Queso blanco fresco;04 Lácteos;no
Sec 3A;86;Coditos;Pastas;01 Cereales, raíces y tubérculos blancos, y plátanos;no
Sec 3A;608;Jugo envasado de manzana;Jugos y mabí;Bebidas azucaradas;no
Sec 3A;573;Compota;Compota;Otras bebidas y alimentos;no
Sec 3A;4919;Leche líquida con chocolate;Leche saborizada;04 Lácteos;no
Sec 3A;527;Malagueta;Especias y hierbas de sazón;Condimentos y sazonadores;no
Sec 3A;374;Guandules verdes en cáscara;Guandules verdes;02 Legumbres;no
Sec 3A;287;Huevos criollos (gallina);Huevos;06 Huevos;no
Sec 3A;48;Masitas;Bizcochos y repostería;Dulces;no
Sec 3A;501;Paletas, mentas;Dulces y golosinas;Dulces;no
Sec 3A;430;Molondrones;Molondrón;09 Otras verduras;no
Sec 3A;616;Jugo envasado de coctel de frutas (fruit punch);Jugos y mabí;Bebidas azucaradas;no
Sec 3A;315;Rulo;Plátano;01 Cereales, raíces y tubérculos blancos, y plátanos;no
Sec 3A;265;Queso de hoja;Queso blanco fresco;04 Lácteos;no
Sec 3A;571;Sopa instantánea (sopa china);Sopas deshidratadas;Otras bebidas y alimentos;no
Sec 3A;532;Pimienta en polvo;Especias y hierbas de sazón;Condimentos y sazonadores;no
Sec 3A;312;Mango;Mango;08 Frutas y verduras ricas en vitamina A;no
Sec 3A;542;Kétchup;Pasta y salsas de tomate;Condimentos y sazonadores;no
Sec 3A;9;Pan integral;Pan integral;01 Cereales, raíces y tubérculos blancos, y plátanos;no
Sec 3A;97;Carne molida de res;Res;05 Carnes, aves y pescado;no
Sec 3A;275;Yogurt bebible saborizado;Yogurt;04 Lácteos;no
Sec 3A;167;Jamón cocido;Jamón;05 Carnes, aves y pescado;no
Sec 3A;536;Ajo en pasta;Especias y hierbas de sazón;Condimentos y sazonadores;no
Sec 3A;307;Mantequilla;Margarina, mantequilla y manteca;Aceites y grasas;no
Sec 3A;565;Vainilla blanca;Sazones, vinagres y esencias;Condimentos y sazonadores;no
Sec 3A;3992;Manzana roja;Manzana;10 Otras frutas;no
Sec 3A;171;Jamón picnic;Jamón;05 Carnes, aves y pescado;no
Sec 3A;2473;Azafrán;Especias y hierbas de sazón;Condimentos y sazonadores;no
Sec 3A;21;Galletas integrales;Galletas saladas y de soda;01 Cereales, raíces y tubérculos blancos, y plátanos;no
Sec 3A;609;Jugo envasado de melocotón;Jugos y mabí;Bebidas azucaradas;no
Sec 3A;5752;Caldo de pollo en polvo;Caldo concentrado;Condimentos y sazonadores;no
Sec 3A;2551;Guandules con coco;Guandules verdes;02 Legumbres;no
Sec 3A;337;Naranja/china;Naranja y otros cítricos dulces;10 Otras frutas;no
Sec 3A;4413;Sal en grano;Sal;Condimentos y sazonadores;no
Sec 3A;80;Trigo;Harina de trigo y trigo;01 Cereales, raíces y tubérculos blancos, y plátanos;no
Sec 3A;398;Remolacha;Remolacha;09 Otras verduras;no
Sec 3A;117;Carne de gallina;Pollo y otras aves;05 Carnes, aves y pescado;no
Sec 3A;214;Tilapia;Pescado fresco;05 Carnes, aves y pescado;no
Sec 3A;405;Brócolis;Brócoli;07 Verduras de hoja verde oscuro;no
Sec 3A;435;Alcaparrado (aceitunas y alcaparras);Aceitunas y encurtidos;Condimentos y sazonadores;no
Sec 3A;525;Clavo dulce;Especias y hierbas de sazón;Condimentos y sazonadores;no
Sec 3A;497;Hielo casero;Hielo;Otras bebidas y alimentos;no
Sec 3A;316;Cereza;Otras frutas;10 Otras frutas;no
Sec 3A;5882;Bizcocho envasado de maíz;Bizcochos y repostería;Dulces;no
Sec 3A;235;Sardinas en aceite;Sardinas;05 Carnes, aves y pescado;no
Sec 3A;3588;Ñame amarillo;Ñame;01 Cereales, raíces y tubérculos blancos, y plátanos;no
Sec 3A;4915;Atún en trozo en aceite;Atún y pescado enlatado;05 Carnes, aves y pescado;no
Sec 3A;5;Pan de mantequilla;Pan blanco;01 Cereales, raíces y tubérculos blancos, y plátanos;no
Sec 3A;592;Bebidas hidratantes (Gatorade, Powerade y similares);Refrescos y bebidas energéticas;Bebidas azucaradas;no
Sec 3A;546;Salsa china;Salsas de mesa;Condimentos y sazonadores;no
Sec 3A;256;Leches reforzadas con hierro y minerales (fórmula infantil),;Fórmula infantil;Otras bebidas y alimentos;no
Sec 3A;5692;Té frio en polvo;Bebidas en polvo azucaradas;Bebidas azucaradas;no
Sec 3A;173;Jamoneta;Jamón;05 Carnes, aves y pescado;no
Sec 3A;375;Guandules secos;Guandules secos;02 Legumbres;no
Sec 3A;4461;Pasa deshidratada;Uvas y pasas;10 Otras frutas;no
Sec 3A;247;Leche descremada liquida con UHT;Leche descremada y semidescremada;04 Lácteos;no
Sec 3A;297;Aceite de oliva;Aceite vegetal;Aceites y grasas;no
Sec 3A;6199;Costillita ahumada;Carnes ahumadas y saladas;05 Carnes, aves y pescado;no
Sec 3A;658;Picadura de tabaco;No alimento;No alimento;no
Sec 3A;131;Chuleta de cerdo fresca;Cerdo;05 Carnes, aves y pescado;no
Sec 3A;277;Yogurt bebible natural;Yogurt;04 Lácteos;no
Sec 3A;355;Maní tostado;Maní, nueces y semillas;03 Nueces y semillas;no
Sec 3A;57;Maicena (fécula de maíz) /Maicera (harina de maíz procesada);Fécula de maíz;01 Cereales, raíces y tubérculos blancos, y plátanos;no
Sec 3A;341;Uvas rojas;Uvas y pasas;10 Otras frutas;no
Sec 3A;426;Lechuga romana;Lechuga romana;09 Otras verduras;no
Sec 3A;498;Bombones y chocolates dulces;Dulces y golosinas;Dulces;no
Sec 3A;282;Leche de coco;Leche de coco;Aceites y grasas;no
Sec 3A;165;Jamón ahumado;Jamón;05 Carnes, aves y pescado;no
Sec 3A;348;Tamarindo;Otras frutas;10 Otras frutas;no
Sec 3A;528;Nuez moscada;Especias y hierbas de sazón;Condimentos y sazonadores;no
Sec 3A;259;Suplementos alimenticios (Ensure y similares);Suplementos nutricionales;Otras bebidas y alimentos;no
Sec 3A;132;Costillas-pecho de cerdo;Cerdo;05 Carnes, aves y pescado;no
Sec 3A;507;Sal marina;Sal;Condimentos y sazonadores;no
Sec 3A;123;Pico y pala de pollo;Pollo y otras aves;05 Carnes, aves y pescado;no
Sec 3A;112;Pechuga de pollo;Pollo y otras aves;05 Carnes, aves y pescado;no
Sec 3A;207;Dorado;Pescado fresco;05 Carnes, aves y pescado;no
Sec 3A;121;Hígado de pollo;Vísceras de pollo;05 Carnes, aves y pescado;no
Sec 3A;322;Guayaba;Otras frutas;10 Otras frutas;no
Sec 3A;384;Yautía coco o pipiota;Yautía;01 Cereales, raíces y tubérculos blancos, y plátanos;no
Sec 3A;59;Harina de negrito (fécula de trigo);Harina de trigo y trigo;01 Cereales, raíces y tubérculos blancos, y plátanos;no
Sec 3A;327;Zapote;Zapote;08 Frutas y verduras ricas en vitamina A;no
Sec 3A;5599;Pan dulce;Bizcochos y repostería;Dulces;no
Sec 3A;640;Vino moscatel (La Fuerza y similares);Bebidas alcohólicas;Otras bebidas y alimentos;no
Sec 3A;433;Aceitunas verdes con semillas;Aceitunas y encurtidos;Condimentos y sazonadores;no
Sec 3A;622;Ron extra añejo (extra viejo y similares);Bebidas alcohólicas;Otras bebidas y alimentos;no
Sec 3A;169;Jamón de pavo;Jamón;05 Carnes, aves y pescado;no
Sec 3A;255;Leche condensada;Leche condensada y dulce de leche;Dulces;no
Sec 3A;499;Caramelos, chicles;Dulces y golosinas;Dulces;no
Sec 3A;407;Cebolla blanca;Cebolla;09 Otras verduras;no
Sec 3A;10;Pan telera;Pan blanco;01 Cereales, raíces y tubérculos blancos, y plátanos;no
Sec 3A;522;Anís;Infusiones y hierbas;Condimentos y sazonadores;no
Sec 3A;4148;Galletas de ajo;Galletas saladas y de soda;01 Cereales, raíces y tubérculos blancos, y plátanos;no
Sec 3A;261;Queso danés;Queso madurado;04 Lácteos;no
Sec 3A;51;Cazabe;Cazabe;01 Cereales, raíces y tubérculos blancos, y plátanos;no
Sec 3A;443;Habichuelas rojas enlatadas;Habichuelas y otras legumbres secas;02 Legumbres;no
Sec 3A;6;Pan baguette blanco;Pan blanco;01 Cereales, raíces y tubérculos blancos, y plátanos;no
Sec 3A;650;Extracto de malta;Malta;Bebidas azucaradas;no
Sec 3A;4882;Salami de pollo;Salami y embutidos;05 Carnes, aves y pescado;no
Sec 3A;625;Ron dorado;Bebidas alcohólicas;Otras bebidas y alimentos;no
Sec 3A;3809;Macarroni & Cheese;Platos preparados;Otras bebidas y alimentos;no
Sec 3A;623;Ron añejo;Bebidas alcohólicas;Otras bebidas y alimentos;no
Sec 3A;185;Salchichas tipo Viena;Salchichas;05 Carnes, aves y pescado;no
Sec 3A;1892;Alimentos para animales;No alimento;No alimento;no
Sec 3A;600;Jugo concentrado de naranja;Jugos y mabí;Bebidas azucaradas;no
Sec 3A;334;Melón cantaloupe redondo;Melón cantaloupe;08 Frutas y verduras ricas en vitamina A;no
Sec 3A;563;Pimienta en granos;Especias y hierbas de sazón;Condimentos y sazonadores;no
Sec 3A;3021;Leche evaporada con sabor a queso;Leche evaporada;04 Lácteos;no
Sec 3A;183;Salchichas de hot-dog;Salchichas;05 Carnes, aves y pescado;no
Sec 3A;4149;Galletas rellenas de queso;Galletas dulces;Dulces;no
Sec 3A;591;Bebidas energizantes (911, Vive100 y similares);Refrescos y bebidas energéticas;Bebidas azucaradas;no
Sec 3A;379;Lentejas;Habichuelas y otras legumbres secas;02 Legumbres;no
Sec 3A;366;Habichuelas blancas secas;Habichuelas y otras legumbres secas;02 Legumbres;no
Sec 3A;83;Maíz en grano;Harina y grano de maíz;01 Cereales, raíces y tubérculos blancos, y plátanos;no
Sec 3A;3993;Manzana verde;Manzana;10 Otras frutas;no
Sec 3A;154;Carne ahumada de pollo;Carnes ahumadas y saladas;05 Carnes, aves y pescado;no
Sec 3A;49;Conconete;Bizcochos y repostería;Dulces;no
Sec 3A;638;Vino tinto;Bebidas alcohólicas;Otras bebidas y alimentos;no
Sec 3A;269;Queso picantino parmesano rallado;Queso madurado;04 Lácteos;no
Sec 3A;65;Arroz súper-selecto o premium;Arroz blanco;01 Cereales, raíces y tubérculos blancos, y plátanos;no
Sec 3A;145;Mondongo de res;Vísceras de res y cerdo;05 Carnes, aves y pescado;no
Sec 3A;206;Colorado;Pescado fresco;05 Carnes, aves y pescado;no
Sec 3A;318;Coco de agua;Agua de coco;Otras bebidas y alimentos;no
Sec 3A;4916;Atún en trozo en agua;Atún y pescado enlatado;05 Carnes, aves y pescado;no
Sec 3A;268;Queso mozzarella;Queso blanco fresco;04 Lácteos;no
Sec 3A;245;Leche semidescremada liquida con UHT;Leche descremada y semidescremada;04 Lácteos;no
Sec 3A;13;Pan de sándwich rebanado blanco;Pan blanco;01 Cereales, raíces y tubérculos blancos, y plátanos;no
Sec 3A;321;Guanábana;Otras frutas;10 Otras frutas;no
Sec 3A;202;Carite;Pescado fresco;05 Carnes, aves y pescado;no
Sec 3A;134;Patica de cerdo;Cerdo;05 Carnes, aves y pescado;no
Sec 3A;377;Habas;Habichuelas y otras legumbres secas;02 Legumbres;no
Sec 3A;166;Jamón bolo;Jamón;05 Carnes, aves y pescado;no
Sec 3A;382;Yautía amarilla;Yautía;01 Cereales, raíces y tubérculos blancos, y plátanos;no
Sec 3A;511;Jengibre;Especias y hierbas de sazón;Condimentos y sazonadores;no
Sec 3A;347;Sandía (patilla);Melón y sandía;10 Otras frutas;no
Sec 3A;8;Pan camarón;Pan blanco;01 Cereales, raíces y tubérculos blancos, y plátanos;no
Sec 3A;101;Pecho;Res;05 Carnes, aves y pescado;no
Sec 3A;143;Hígado de res;Vísceras de res y cerdo;05 Carnes, aves y pescado;no
Sec 3A;412;Coliflor;Otras hortalizas;09 Otras verduras;no
Sec 3A;352;Buen pan o castaña;Fruta de pan;01 Cereales, raíces y tubérculos blancos, y plátanos;no
Sec 3A;209;Mero;Pescado fresco;05 Carnes, aves y pescado;no
Sec 3A;578;Gelatina en polvo;Postres;Dulces;no
Sec 3A;257;Leche maternizada (sustituto de lactancia materna, hasta 1 año);Fórmula infantil;Otras bebidas y alimentos;no
Sec 3A;624;Ron blanco;Bebidas alcohólicas;Otras bebidas y alimentos;no
Sec 3A;320;Granadillo;Chinola y granadillo;10 Otras frutas;no
Sec 3A;370;Habichuelas verdes;Vainitas y habichuelas verdes;09 Otras verduras;no
Sec 3A;484;Dulces de navidad surtidos;Dulces y golosinas;Dulces;no
Sec 3A;451;Vegetales mixtos enlatados;Vegetales mixtos;09 Otras verduras;no
Sec 3A;162;Tocino;Carnes ahumadas y saladas;05 Carnes, aves y pescado;no
Sec 3A;558;Bija en polvo;Especias y hierbas de sazón;Condimentos y sazonadores;no
Sec 3A;467;Dulce de leche;Leche condensada y dulce de leche;Dulces;no
Sec 3A;3807;Macarrones;Pastas;01 Cereales, raíces y tubérculos blancos, y plátanos;no
Sec 3A;99;Carne preparada para bistec;Res;05 Carnes, aves y pescado;no
Sec 3A;555;Vinagre blanco;Sazones, vinagres y esencias;Condimentos y sazonadores;no
Sec 3A;2874;Carne de cerdo sazonada;Cerdo;05 Carnes, aves y pescado;no
Sec 3A;491;Helados de fruta a base de leche;Helados;Dulces;no
Sec 3A;335;Melón liso;Melón y sandía;10 Otras frutas;no
Sec 3A;3812;Mostachones;Pastas;01 Cereales, raíces y tubérculos blancos, y plátanos;no
Sec 3A;208;Merluza;Pescado fresco;05 Carnes, aves y pescado;no
Sec 3A;127;Pierna de cerdo;Cerdo;05 Carnes, aves y pescado;no
Sec 3A;612;Jugo envasado de piña;Jugos y mabí;Bebidas azucaradas;no
Sec 3A;204;Cojinúa;Pescado fresco;05 Carnes, aves y pescado;no
Sec 3A;404;Berro;Hojas verdes (espinaca, berro);07 Verduras de hoja verde oscuro;no
Sec 3A;236;Sardinas en agua y sal;Sardinas;05 Carnes, aves y pescado;no
Sec 3A;436;Alcaparras;Aceitunas y encurtidos;Condimentos y sazonadores;no
Sec 3A;221;Camarones;Mariscos;05 Carnes, aves y pescado;no
Sec 3A;635;Ponches;Bebidas alcohólicas;Otras bebidas y alimentos;no
Sec 3A;6467;Sopa con fideo (Maggie, Knorr y similares);Sopas deshidratadas;Otras bebidas y alimentos;no
Sec 3A;84;Maíz para hacer rositas (palomitas);Harina y grano de maíz;01 Cereales, raíces y tubérculos blancos, y plátanos;no
Sec 3A;331;Mandarina;Naranja y otros cítricos dulces;10 Otras frutas;no
Sec 3A;415;Puerro;Cebolla;09 Otras verduras;no
Sec 3A;629;Whisky;Bebidas alcohólicas;Otras bebidas y alimentos;no
Sec 3A;4913;Arepa dulce;Bizcochos y repostería;Dulces;no
Sec 3A;126;Masa de cerdo;Cerdo;05 Carnes, aves y pescado;no
Sec 3A;120;Carne de pavo;Pollo y otras aves;05 Carnes, aves y pescado;no
Sec 3A;72;Avena molida saborizada (Frescavena y otras);Avena;01 Cereales, raíces y tubérculos blancos, y plátanos;no
Sec 3A;470;Miel, polen y propóleo, jalea real;Miel y jarabes;Dulces;no
Sec 3A;122;Molleja de pollo;Vísceras de pollo;05 Carnes, aves y pescado;no
Sec 3A;114;Muslos de pollo;Pollo y otras aves;05 Carnes, aves y pescado;no
Sec 3A;442;Habichuelas negras enlatadas;Habichuelas y otras legumbres secas;02 Legumbres;no
Sec 3A;281;Leche de soya;Bebida y derivados de soya;02 Legumbres;no
Sec 3A;452;Remolacha hervida;Remolacha;09 Otras verduras;no
Sec 3A;521;Ajinomoto;Sazones, vinagres y esencias;Condimentos y sazonadores;no
Sec 3A;130;Capa de carne cerdo;Cerdo;05 Carnes, aves y pescado;no
Sec 3A;5684;Chocolate en bola;Chocolate de taza y cocoa;Dulces;no
Sec 3A;300;Aceite de canola;Aceite vegetal;Aceites y grasas;no
Sec 3A;296;Aceite de maíz;Aceite vegetal;Aceites y grasas;no
Sec 3A;24;Galletas de Avena / Granola;Galletas dulces;Dulces;no
Sec 3A;264;Queso crema;Queso crema;04 Lácteos;no
Sec 3A;493;Helados de sabores artificiales;Helados;Dulces;no
Sec 3A;3571;Masa para empanada de harina;Masas crudas de harina;01 Cereales, raíces y tubérculos blancos, y plátanos;no
Sec 3A;468;Dulce de coco;Dulces y golosinas;Dulces;no
Sec 3A;353;Trozos de caña;Azúcar;Dulces;no
Sec 3A;556;Vinagre balsámico;Sazones, vinagres y esencias;Condimentos y sazonadores;no
Sec 3A;4917;Atún desmenuzado en aceite;Atún y pescado enlatado;05 Carnes, aves y pescado;no
Sec 3A;5042;Palitos de ajo;Snacks salados;Alimentos fritos y salados;no
Sec 3A;453;Pimientos encurtidos;Aceitunas y encurtidos;Condimentos y sazonadores;no
Sec 3A;5839;Carne salada;Carnes ahumadas y saladas;05 Carnes, aves y pescado;no
Sec 3A;5683;Hueso de vaca;Res;05 Carnes, aves y pescado;no
Sec 3A;196;Gallinas vivas;Pollo y otras aves;05 Carnes, aves y pescado;no
Sec 3A;137;Carne de chivo;Chivo;05 Carnes, aves y pescado;no
Sec 3A;295;Aceite de coco;Aceite vegetal;Aceites y grasas;no
Sec 3A;223;Cangrejo de agua dulce (jaiba);Mariscos;05 Carnes, aves y pescado;no
Sec 3A;4;Pan de maíz entero;Pan y masas de maíz;01 Cereales, raíces y tubérculos blancos, y plátanos;no
Sec 3A;319;Fresa;Otras frutas;10 Otras frutas;no
Sec 3A;494;Helados caseros de todo tipo;Helados;Dulces;no
Sec 3A;5965;Jugo de fresa envasado;Jugos y mabí;Bebidas azucaradas;no
Sec 3A;4611;Donas de azucar;Bizcochos y repostería;Dulces;no
Sec 3A;606;Jugo envasado de chinola;Jugos y mabí;Bebidas azucaradas;no
Sec 3A;216;Atún;Atún y pescado enlatado;05 Carnes, aves y pescado;no
Sec 3A;94;Bola de lomo;Res;05 Carnes, aves y pescado;no
Sec 3A;6545;Mabí de limón;Jugos y mabí;Bebidas azucaradas;no
Sec 3A;356;Nueces y semillas surtidas;Maní, nueces y semillas;03 Nueces y semillas;no
Sec 3A;438;Guandules secos en lata;Guandules secos;02 Legumbres;no
Sec 3A;164;Chorizos;Salami y embutidos;05 Carnes, aves y pescado;no
Sec 3A;3;Pan de leche;Pan blanco;01 Cereales, raíces y tubérculos blancos, y plátanos;no
Sec 3A;6446;Avena molida no saborizada;Avena;01 Cereales, raíces y tubérculos blancos, y plátanos;no
Sec 3A;529;Manzanilla;Infusiones y hierbas;Condimentos y sazonadores;no
Sec 3A;596;Agua saborizada;Agua;Otras bebidas y alimentos;no
Sec 3A;98;Carne no. 7;Res;05 Carnes, aves y pescado;no
Sec 3A;537;Ajo en polvo;Especias y hierbas de sazón;Condimentos y sazonadores;no
Sec 3A;5049;Jugo envasado de cereza;Jugos y mabí;Bebidas azucaradas;no
Sec 3A;3810;Espirales;Pastas;01 Cereales, raíces y tubérculos blancos, y plátanos;no
Sec 3A;6031;Gomitas dulces;Dulces y golosinas;Dulces;no
Sec 3A;339;Toronja;Naranja y otros cítricos dulces;10 Otras frutas;no
Sec 3A;330;Limoncillo;Limón y naranja agria;Condimentos y sazonadores;no
Sec 3A;351;Carambola;Otras frutas;10 Otras frutas;no
Sec 3A;346;Pera;Otras frutas;10 Otras frutas;no
Sec 3A;184;Salchichas de freír;Salchichas;05 Carnes, aves y pescado;no
Sec 3A;53;Tortilla de maíz (para tacos);Pan y masas de maíz;01 Cereales, raíces y tubérculos blancos, y plátanos;no
Sec 3A;423;Vainitas chinas;Vainitas y habichuelas verdes;09 Otras verduras;no
Sec 3A;413;Espinaca;Hojas verdes (espinaca, berro);07 Verduras de hoja verde oscuro;no
Sec 3A;560;Canela en polvo;Especias y hierbas de sazón;Condimentos y sazonadores;no
Sec 3A;575;Cremora;Sustituto de crema;Otras bebidas y alimentos;no
Sec 3A;566;Vainilla negra;Sazones, vinagres y esencias;Condimentos y sazonadores;no
Sec 3A;75;Cereales de trigo;Cereales de desayuno;01 Cereales, raíces y tubérculos blancos, y plátanos;no
Sec 3A;149;Mondongo de cerdo;Vísceras de res y cerdo;05 Carnes, aves y pescado;no
Sec 3A;222;Cangrejo de mar;Mariscos;05 Carnes, aves y pescado;no
Sec 3A;378;Arvejas;Habichuelas y otras legumbres secas;02 Legumbres;no
Sec 3A;3504;Bizcocho envasado de chocolate;Bizcochos y repostería;Dulces;no
Sec 3A;92;Lasagña;Pastas;01 Cereales, raíces y tubérculos blancos, y plátanos;no
Sec 3A;512;Perejil;Especias y hierbas de sazón;Condimentos y sazonadores;no
Sec 3A;613;Jugo envasado de tamarindo;Jugos y mabí;Bebidas azucaradas;no
Sec 3A;634;Clerén;Bebidas alcohólicas;Otras bebidas y alimentos;no
Sec 3A;107;Pata de res;Res;05 Carnes, aves y pescado;no
Sec 3A;380;Maní con o sin cáscara, sin procesar;Maní, nueces y semillas;03 Nueces y semillas;no
Sec 3A;194;Pipián;Vísceras de res y cerdo;05 Carnes, aves y pescado;no
Sec 3A;478;Dulce de maní;Maní y derivados;03 Nueces y semillas;no
Sec 3A;105;Bistec de palomilla;Res;05 Carnes, aves y pescado;no
Sec 3A;4702;Helado en paleta a base de leche;Helados;Dulces;no
Sec 3A;544;Aderezos para sándwich;Mayonesa y aderezos;Aceites y grasas;no
Sec 3A;548;Preparado líquido de Salsa de tomate (Ragú y similares);Pasta y salsas de tomate;Condimentos y sazonadores;no
Sec 3A;598;Jugo concentrado de fruit-punch;Jugos y mabí;Bebidas azucaradas;no
Sec 3A;325;Jagua;Otras frutas;10 Otras frutas;no
Sec 3A;195;Pollos vivos;Pollo y otras aves;05 Carnes, aves y pescado;no
Sec 3A;78;Cereales integrales (corn flakes integral, bran flakes y demás);Cereales de desayuno;01 Cereales, raíces y tubérculos blancos, y plátanos;no
Sec 3A;655;Tabaco en andullo;No alimento;No alimento;no
Sec 3A;4948;Cilantro en grano;Especias y hierbas de sazón;Condimentos y sazonadores;no
Sec 3A;203;Chillo;Pescado fresco;05 Carnes, aves y pescado;no
Sec 3A;2848;Mabí de limón servido;Jugos y mabí;Bebidas azucaradas;no
Sec 3A;618;Jugo envasado de Aloe;Jugos y mabí;Bebidas azucaradas;no
Sec 3A;615;Jugo envasado de uvas;Jugos y mabí;Bebidas azucaradas;no
Sec 3A;524;Canelilla;Infusiones y hierbas;Condimentos y sazonadores;no
Sec 3A;4399;Cilantro molido;Especias y hierbas de sazón;Condimentos y sazonadores;no
Sec 3A;160;Lacón ahumado;Jamón;05 Carnes, aves y pescado;no
Sec 3A;4414;Pescado lisa o anguila;Pescado fresco;05 Carnes, aves y pescado;no
Sec 3A;6105;Jugo envasado de limón;Jugos y mabí;Bebidas azucaradas;no
Sec 3A;4406;Maíz triturado (para chaca, chenchén, etc.);Harina y grano de maíz;01 Cereales, raíces y tubérculos blancos, y plátanos;no
Sec 3A;5595;Jamón Corriente;Jamón;05 Carnes, aves y pescado;no
Sec 3A;559;Bija entera en granos;Especias y hierbas de sazón;Condimentos y sazonadores;no
Sec 3A;4918;Atún desmenuzado en agua;Atún y pescado enlatado;05 Carnes, aves y pescado;no
Sec 3A;431;Maíz en mazorca tierno;Maíz tierno;01 Cereales, raíces y tubérculos blancos, y plátanos;no
Sec 3A;4701;Helado en paleta en sabores artificiales;Helados;Dulces;no
Sec 3A;113;Filete de pechuga (deshuesada) de pollo;Pollo y otras aves;05 Carnes, aves y pescado;no
Sec 3A;104;Filete;Res;05 Carnes, aves y pescado;no
Sec 3A;6440;Bizcocho envasado con mermelada;Bizcochos y repostería;Dulces;no
Sec 3A;111;Pollo congelado;Pollo y otras aves;05 Carnes, aves y pescado;no
Sec 3A;5932;Pan quimbo (rizo);Pan blanco;01 Cereales, raíces y tubérculos blancos, y plátanos;no
Sec 3A;306;Mantequilla de maní;Maní y derivados;03 Nueces y semillas;no
Sec 3A;212;Salmón;Pescado fresco;05 Carnes, aves y pescado;no
Sec 3A;2632;Yaniqueques;Empanadas y frituras de masa;Alimentos fritos y salados;no
Sec 3A;280;Crema de leche;Crema de leche;Aceites y grasas;no
Sec 3A;170;Jamón de pollo;Jamón;05 Carnes, aves y pescado;no
Sec 3A;1536;Bicarbonato de sodio;No alimento;No alimento;no
Sec 3A;200;Bocayate;Pescado fresco;05 Carnes, aves y pescado;no
Sec 3A;82;Maíz en mazorca seco;Harina y grano de maíz;01 Cereales, raíces y tubérculos blancos, y plátanos;no
Sec 3A;4401;Diten o tomillo;Especias y hierbas de sazón;Condimentos y sazonadores;no
Sec 3A;6304;Royal (levadura);Sazones, vinagres y esencias;Condimentos y sazonadores;no
Sec 3A;5490;Jugo envasado de mango;Jugos y mabí;Bebidas azucaradas;no
Sec 3A;182;Salchichas de carne de cerdo;Salchichas;05 Carnes, aves y pescado;no
Sec 3A;466;Melaza;Azúcar;Dulces;no
Sec 3A;3577;Pedazo de Bizcocho de vainilla;Bizcochos y repostería;Dulces;no
Sec 3A;409;Cebollín;Cebolla;09 Otras verduras;no
Sec 3A;140;Bofe de res;Vísceras de res y cerdo;05 Carnes, aves y pescado;no
Sec 3A;2869;Hígado de cerdo;Vísceras de res y cerdo;05 Carnes, aves y pescado;no
Sec 3A;3242;Galleta con queso;Galletas dulces;Dulces;no
Sec 3A;456;Papa pre cocida congelada;Otros feculentos;01 Cereales, raíces y tubérculos blancos, y plátanos;no
Sec 3A;7890;Queso amarillo de freir;Queso blanco fresco;04 Lácteos;no
Sec 3A;3546;Donas de pastel;Bizcochos y repostería;Dulces;no
Sec 3A;3073;Guandules blanditos;Guandules verdes;02 Legumbres;no
Sec 3A;213;Sardinas frescas;Sardinas;05 Carnes, aves y pescado;no
Sec 3A;4952;Sobre de naranja agria en polvo;Sazones, vinagres y esencias;Condimentos y sazonadores;no
Sec 3A;77;Granola;Cereales de desayuno;01 Cereales, raíces y tubérculos blancos, y plátanos;no
Sec 3A;6579;Mabí de chinola;Jugos y mabí;Bebidas azucaradas;no
Sec 3A;118;Carne de guinea;Pollo y otras aves;05 Carnes, aves y pescado;no
Sec 3A;434;Aceitunas verdes rellenas;Aceitunas y encurtidos;Condimentos y sazonadores;no
Sec 3A;4542;Café en grano;Café;Otras bebidas y alimentos;no
Sec 3A;73;Cereales de arroz;Cereales de desayuno;01 Cereales, raíces y tubérculos blancos, y plátanos;no
Sec 3A;642;Sidra;Bebidas alcohólicas;Otras bebidas y alimentos;no
Sec 3A;3925;Cranberry (fruta);Otras frutas;10 Otras frutas;no
Sec 3A;74;Cereales con frutas;Cereales de desayuno;01 Cereales, raíces y tubérculos blancos, y plátanos;no
Sec 3A;3586;Ñame diablón;Ñame;01 Cereales, raíces y tubérculos blancos, y plátanos;no
Sec 3A;590;Soda amarga;Refrescos y bebidas energéticas;Bebidas azucaradas;no
Sec 3A;32;Palomitas de maíz para microondas;Snacks salados;Alimentos fritos y salados;no
Sec 3A;3096;Carne salada (preparada);Carnes ahumadas y saladas;05 Carnes, aves y pescado;no
Sec 3A;373;Garbanzos;Habichuelas y otras legumbres secas;02 Legumbres;no
Sec 3A;397;Rábano;Otras hortalizas;09 Otras verduras;no
Sec 3A;5883;Cacao en bola;Chocolate de taza y cocoa;Dulces;no
Sec 3A;69;Arroz integral;Arroz integral;01 Cereales, raíces y tubérculos blancos, y plátanos;no
Sec 3A;133;Carne molida de cerdo;Cerdo;05 Carnes, aves y pescado;no
Sec 3A;657;Tabaco para pipa;No alimento;No alimento;no
Sec 3A;106;Rabo de res;Res;05 Carnes, aves y pescado;no
Sec 3A;6451;Leche entera liquida sin lactosa;Leche entera;04 Lácteos;no
Sec 3A;290;Huevos de pato;Huevos;06 Huevos;no
Sec 3A;161;Tocineta;Carnes ahumadas y saladas;05 Carnes, aves y pescado;no
Sec 3A;4199;Salchicha de pollo;Salchichas;05 Carnes, aves y pescado;no
Sec 3A;3076;Habichuela negra con coco en lata;Habichuelas y otras legumbres secas;02 Legumbres;no
Sec 3A;4460;Ciruela deshidratada;Otras frutas;10 Otras frutas;no
Sec 3A;3553;Empanada de queso;Empanadas y frituras de masa;Alimentos fritos y salados;no
Sec 3A;125;Lomo de Cerdo;Cerdo;05 Carnes, aves y pescado;no
Sec 3A;17;Galletas con ajonjolí;Galletas saladas y de soda;01 Cereales, raíces y tubérculos blancos, y plátanos;no
Sec 3A;488;Esquimalito;Helados;Dulces;no
Sec 3A;576;Polvo para hornear;Sazones, vinagres y esencias;Condimentos y sazonadores;no
Sec 3A;332;Manzana de oro;Manzana;10 Otras frutas;no
Sec 3A;5362;Masa de cangrejo;Mariscos;05 Carnes, aves y pescado;no
Sec 3A;5908;Almendras;Maní, nueces y semillas;03 Nueces y semillas;no
Sec 3A;8776;Salami guisado en lata;Salami y embutidos;05 Carnes, aves y pescado;no
Sec 3A;6274;Filete de basa (pescado);Pescado fresco;05 Carnes, aves y pescado;no
Sec 3A;6071;Pescado loro;Pescado fresco;05 Carnes, aves y pescado;no
Sec 3A;6213;Leche con avena envasado;Leche saborizada;04 Lácteos;no
Sec 3A;551;Salsa picante;Salsas de mesa;Condimentos y sazonadores;no
Sec 3A;5850;Jugo envasado de guayaba;Jugos y mabí;Bebidas azucaradas;no
Sec 3A;437;Garbanzos enlatados;Habichuelas y otras legumbres secas;02 Legumbres;no
Sec 3A;276;Yogurt con trozos de frutas;Yogurt;04 Lácteos;no
Sec 3A;14;Pan de sándwich rebanado integral;Pan integral;01 Cereales, raíces y tubérculos blancos, y plátanos;no
Sec 3A;201;Bonito;Pescado fresco;05 Carnes, aves y pescado;no
Sec 3A;299;Aceite de maní;Aceite vegetal;Aceites y grasas;no
Sec 3A;530;Flor de tilo;Infusiones y hierbas;Condimentos y sazonadores;no
Sec 3A;15;Pan de hot dog;Pan blanco;01 Cereales, raíces y tubérculos blancos, y plátanos;no
Sec 3A;115;Alitas de pollo;Pollo y otras aves;05 Carnes, aves y pescado;no
Sec 3A;653;Cigarrillos sin filtro;No alimento;No alimento;no
Sec 3A;440;Guisantes enlatados (petit-pois);Guisantes;09 Otras verduras;no
Sec 3A;654;Cigarros, habanos;No alimento;No alimento;no
Sec 3A;4999;Kiwi;Otras frutas;10 Otras frutas;no
Sec 3A;44;Bienmesabe;Bizcochos y repostería;Dulces;no
Sec 3A;549;Salsa francesa;Mayonesa y aderezos;Aceites y grasas;no
Sec 3A;372;Frijolitos;Habichuelas y otras legumbres secas;02 Legumbres;no
Sec 3A;329;Limón dulce;Limón y naranja agria;Condimentos y sazonadores;no
Sec 3A;350;Cajuil;Otras frutas;10 Otras frutas;no
Sec 3A;6469;Té frio envasado;Bebidas en polvo azucaradas;Bebidas azucaradas;no
Sec 3A;22;Galletas María;Galletas dulces;Dulces;no
Sec 3A;656;Tabaco para masticar;No alimento;No alimento;no
Sec 3A;135;Rabo de cerdo;Cerdo;05 Carnes, aves y pescado;no
Sec 3A;3501;Pan de hamburguer;Pan blanco;01 Cereales, raíces y tubérculos blancos, y plátanos;no
Sec 3A;2775;Fécula de maíz (Maicena);Fécula de maíz;01 Cereales, raíces y tubérculos blancos, y plátanos;no
Sec 3A;3079;Masa de pastelitos;Masas crudas de harina;01 Cereales, raíces y tubérculos blancos, y plátanos;no
Sec 3A;4398;Chenchen;Platos preparados;Otras bebidas y alimentos;no
Sec 3A;3503;Bizcocho envasado sin huevo;Bizcochos y repostería;Dulces;no
Sec 3A;6547;Mabí de bejuco;Jugos y mabí;Bebidas azucaradas;no
Sec 3A;6472;Refrescos servido;Refrescos y bebidas energéticas;Bebidas azucaradas;no
Sec 3A;2694;Cerveza clara servida;Bebidas alcohólicas;Otras bebidas y alimentos;no
Sec 3A;5300;Mabí de bejuco servido;Jugos y mabí;Bebidas azucaradas;no
Sec 3A;205;Colirubia;Pescado fresco;05 Carnes, aves y pescado;no
Sec 3A;388;Mapuey;Ñame;01 Cereales, raíces y tubérculos blancos, y plátanos;no
Sec 3A;176;Mortadela;Salami y embutidos;05 Carnes, aves y pescado;no
Sec 3A;3813;Linguinis;Pastas;01 Cereales, raíces y tubérculos blancos, y plátanos;no
Sec 3A;365;Ajonjolí;Maní, nueces y semillas;03 Nueces y semillas;no
Sec 3A;619;Jugo envasado de Cranberry;Jugos y mabí;Bebidas azucaradas;no
Sec 3A;4886;Salsa BBQ;Salsas de mesa;Condimentos y sazonadores;no
Sec 3A;231;Filete de arenque;Pescado salado (bacalao y arenque);05 Carnes, aves y pescado;no
Sec 3A;2182;Empanadas de jamón y queso;Empanadas y frituras de masa;Alimentos fritos y salados;no
Sec 3A;7386;Pescado machuelo;Pescado fresco;05 Carnes, aves y pescado;no
Sec 3A;60;Harina de panqueques;Harina de trigo y trigo;01 Cereales, raíces y tubérculos blancos, y plátanos;no
Sec 3A;3529;Pastelito de pollo;Empanadas y frituras de masa;Alimentos fritos y salados;no
Sec 3A;179;Salami vegetal;Salami y embutidos;05 Carnes, aves y pescado;no
Sec 3A;233;Filete de bacalao;Pescado salado (bacalao y arenque);05 Carnes, aves y pescado;no
Sec 3A;2184;Empanadas de pollo;Empanadas y frituras de masa;Alimentos fritos y salados;no
Sec 3A;7460;Mabí de leche con guayaba envasado;Jugos y mabí;Bebidas azucaradas;no
Sec 3A;641;Vino rosado;Bebidas alcohólicas;Otras bebidas y alimentos;no
Sec 3A;6442;Bizcocho entero de vainilla;Bizcochos y repostería;Dulces;no
Sec 3A;482;Flan enlatado;Postres;Dulces;no
Sec 3A;6466;Sopa crema (Maggie, Knorr y similares);Sopas deshidratadas;Otras bebidas y alimentos;no
Sec 3A;6464;Ciruela (fruta);Otras frutas;10 Otras frutas;no
Sec 3A;41;Gofio;Cereales de desayuno;01 Cereales, raíces y tubérculos blancos, y plátanos;no
Sec 3A;12;Pan de pita;Pan blanco;01 Cereales, raíces y tubérculos blancos, y plátanos;no
Sec 3A;6068;Costillas de res;Res;05 Carnes, aves y pescado;no
Sec 3A;47;Mantecados;Bizcochos y repostería;Dulces;no
Sec 3A;518;Hojas de Menta;Especias y hierbas de sazón;Condimentos y sazonadores;no
Sec 3A;6653;Cazabe con ajo;Cazabe;01 Cereales, raíces y tubérculos blancos, y plátanos;no
Sec 3A;5834;Avena integral;Avena;01 Cereales, raíces y tubérculos blancos, y plátanos;no
Sec 3A;2672;Jugo de pera-piña;Jugos y mabí;Bebidas azucaradas;no
Sec 3A;6240;Cabeza de pescado;Pescado fresco;05 Carnes, aves y pescado;no
Sec 3A;3498;Galletas de huevo;Galletas dulces;Dulces;no
Sec 3A;225;Lambí;Mariscos;05 Carnes, aves y pescado;no
Sec 3A;5876;Linaza;Maní, nueces y semillas;03 Nueces y semillas;no
Sec 3A;5448;Queso cheddar blanco;Queso madurado;04 Lácteos;no
Sec 3A;5864;Fresalina;Bebidas en polvo azucaradas;Bebidas azucaradas;no
Sec 3A;8246;Pan de anís;Pan blanco;01 Cereales, raíces y tubérculos blancos, y plátanos;no
Sec 3A;342;Uvas verdes;Uvas y pasas;10 Otras frutas;no
Sec 3A;402;Berenjena china;Berenjena;09 Otras verduras;no
Sec 3A;561;Extracto de vainilla;Sazones, vinagres y esencias;Condimentos y sazonadores;no
Sec 3A;4707;Salami de pavo;Salami y embutidos;05 Carnes, aves y pescado;no
Sec 3A;294;Aceite de girasol;Aceite vegetal;Aceites y grasas;no
Sec 3A;8392;Mabí de tamarindo;Jugos y mabí;Bebidas azucaradas;no
Sec 3A;441;Habichuelas blancas enlatadas (alubias);Habichuelas y otras legumbres secas;02 Legumbres;no
Sec 3A;5212;Queso fundido;Queso madurado;04 Lácteos;no
Sec 3A;547;Salsa Alfredo, de queso y similares;Mayonesa y aderezos;Aceites y grasas;no
Sec 3A;6553;Sardinas en salsa de coco;Sardinas;05 Carnes, aves y pescado;no
Sec 3A;95;Boliche limpio;Res;05 Carnes, aves y pescado;no
Sec 3A;7;Pan baguette integral;Pan integral;01 Cereales, raíces y tubérculos blancos, y plátanos;no
Sec 3A;513;Albahaca;Especias y hierbas de sazón;Condimentos y sazonadores;no
Sec 3A;3052;Pedazo de pan de maíz;Pan y masas de maíz;01 Cereales, raíces y tubérculos blancos, y plátanos;no
Sec 3A;3134;Maíz tostado;Harina y grano de maíz;01 Cereales, raíces y tubérculos blancos, y plátanos;no
Sec 3A;116;Carne molida de pollo;Pollo y otras aves;05 Carnes, aves y pescado;no
Sec 3A;394;Ají picante;Especias y hierbas de sazón;Condimentos y sazonadores;no
Sec 3A;4539;Costilla ahumada;Carnes ahumadas y saladas;05 Carnes, aves y pescado;no
Sec 3A;390;Cepa de apio;Apio;09 Otras verduras;no
Sec 3A;503;Turrones;Dulces y golosinas;Dulces;no
Sec 3A;283;Leche de almendra;Bebida de almendra;Otras bebidas y alimentos;no
Sec 3A;90;Pastas integrales;Pastas;01 Cereales, raíces y tubérculos blancos, y plátanos;no
Sec 3A;639;Vino blanco;Bebidas alcohólicas;Otras bebidas y alimentos;no
Sec 3A;220;Calamares;Mariscos;05 Carnes, aves y pescado;no
Sec 3A;463;Azúcar dietética y sucedáneos del azúcar (Splenda y otros similares);Edulcorantes;Otras bebidas y alimentos;no
Sec 3A;211;Róbalo;Pescado fresco;05 Carnes, aves y pescado;no
Sec 3A;6443;Bizcocho entero con relleno;Bizcochos y repostería;Dulces;no
Sec 3A;224;Langosta y langostino;Mariscos;05 Carnes, aves y pescado;no
Sec 3A;476;Habichuelas con dulce;Dulces y golosinas;Dulces;no
Sec 3A;253;Leche en polvo descremada;Leche en polvo;04 Lácteos;no
Sec 3A;4379;Alhucema;Infusiones y hierbas;Condimentos y sazonadores;no
Sec 3A;418;Repollo morado;Lechuga y repollo;09 Otras verduras;no
Sec 3A;4076;Mabí de naranja servido;Jugos y mabí;Bebidas azucaradas;no
Sec 3A;562;Pimentón rojo;Especias y hierbas de sazón;Condimentos y sazonadores;no
Sec 3A;5958;Tortilla de trigo;Pan blanco;01 Cereales, raíces y tubérculos blancos, y plátanos;no
Sec 3A;509;Pimientos maduros en polvo;Especias y hierbas de sazón;Condimentos y sazonadores;no
Sec 3A;477;Majarete;Postres;Dulces;no
Sec 3A;4914;Arepa salada;Pan y masas de maíz;01 Cereales, raíces y tubérculos blancos, y plátanos;no
Sec 3A;100;Rotí;Res;05 Carnes, aves y pescado;no
Sec 3A;429;Zucchini;Otras hortalizas;09 Otras verduras;no
Sec 3A;158;Hamburguesas para cocinar de carne;Res;05 Carnes, aves y pescado;no
Sec 3A;4896;Sirup para panques;Miel y jarabes;Dulces;no
Sec 3A;519;Romero;Especias y hierbas de sazón;Condimentos y sazonadores;no
Sec 3A;210;Picúa;Pescado fresco;05 Carnes, aves y pescado;no
Sec 3A;186;Salchichas de carne de pavo;Salchichas;05 Carnes, aves y pescado;no
Sec 3A;193;Mondongo de res sancochado o cocido;Vísceras de res y cerdo;05 Carnes, aves y pescado;no
Sec 3A;599;Jugo concentrado de guayaba;Jugos y mabí;Bebidas azucaradas;no
Sec 3A;129;Carne de cabeza decerdo;Cerdo;05 Carnes, aves y pescado;no
Sec 3A;5369;Gelatina preparada;Postres;Dulces;no
Sec 3A;4986;Croquetas de pollo;Empanadas y frituras de masa;Alimentos fritos y salados;no
Sec 3A;5377;Maíz molido;Harina y grano de maíz;01 Cereales, raíces y tubérculos blancos, y plátanos;no
Sec 3A;3585;Habichuela roja con coco en lata;Habichuelas y otras legumbres secas;02 Legumbres;no
Sec 3A;487;Palitos de coco;Dulces y golosinas;Dulces;no
Sec 3A;5743;Mashmellow;Dulces y golosinas;Dulces;no
Sec 3A;344;Níspero;Otras frutas;10 Otras frutas;no
Sec 3A;147;Riñón de res;Vísceras de res y cerdo;05 Carnes, aves y pescado;no
Sec 3A;6454;Leche líquida saborizada sin lactosa;Leche saborizada;04 Lácteos;no
Sec 3A;6441;Bizcocho entero de chocolate;Bizcochos y repostería;Dulces;no
Sec 3A;5959;Muslo de pavo;Pollo y otras aves;05 Carnes, aves y pescado;no
Sec 3A;62;Sémola de maíz;Harina y grano de maíz;01 Cereales, raíces y tubérculos blancos, y plátanos;no
Sec 3A;8201;Mabí de chinola sin envasar;Jugos y mabí;Bebidas azucaradas;no
Sec 3A;6456;Leche en polvo entera sin lactosa;Leche en polvo;04 Lácteos;no
Sec 3A;643;Sangría;Bebidas alcohólicas;Otras bebidas y alimentos;no
Sec 3A;2875;Carne de res sazonada;Res;05 Carnes, aves y pescado;no
Sec 3A;602;Jugo concentrado de piña;Jugos y mabí;Bebidas azucaradas;no
Sec 3A;502;Sirope de chocolate;Miel y jarabes;Dulces;no
Sec 3A;465;Canquiña;Dulces y golosinas;Dulces;no
Sec 3A;7372;Vinagre de manzana;Sazones, vinagres y esencias;Condimentos y sazonadores;no
Sec 3A;8707;Hojuela de yuca;Snacks salados;Alimentos fritos y salados;no
Sec 3A;2881;Pan de yautía;Pan blanco;01 Cereales, raíces y tubérculos blancos, y plátanos;no
Sec 3A;4374;Agrio de naranja;Sazones, vinagres y esencias;Condimentos y sazonadores;no
Sec 3A;7370;Semillas de cajuil;Maní, nueces y semillas;03 Nueces y semillas;no
Sec 3A;2261;Pasteles en hoja de plátano de pollo;Empanadas y frituras de masa;Alimentos fritos y salados;no
Sec 3A;6986;Bollo de maíz con coco crudo;Pan y masas de maíz;01 Cereales, raíces y tubérculos blancos, y plátanos;no
Sec 3A;89;Tallarines;Pastas;01 Cereales, raíces y tubérculos blancos, y plátanos;no
Sec 3A;189;Pepperoni;Salami y embutidos;05 Carnes, aves y pescado;no
Sec 3A;7392;Jobo;Otras frutas;10 Otras frutas;no
Sec 3A;5931;Huevo de guinea;Huevos;06 Huevos;no
Sec 3A;464;Edulcorantes naturales (Fructosa y similares);Edulcorantes;Otras bebidas y alimentos;no
Sec 3A;7714;Masapan (Dulce) de leche condensada, leche en polvo, azucar pulverizada;Leche condensada y dulce de leche;Dulces;no
Sec 3A;481;Pudín de pan;Postres;Dulces;no
Sec 3A;469;Mermeladas, dietéticas o no, jarabe de fructuosa;Miel y jarabes;Dulces;no
Sec 3A;5875;Cúrcuma;Especias y hierbas de sazón;Condimentos y sazonadores;no
Sec 3A;6030;Jalao (dulce);Dulces y golosinas;Dulces;no
Sec 3A;483;Suspiros;Dulces y golosinas;Dulces;no
Sec 3A;5732;Chía (semilla);Maní, nueces y semillas;03 Nueces y semillas;no
Sec 3A;604;Jugo concentrado de uva;Jugos y mabí;Bebidas azucaradas;no
Sec 3A;181;Salchichas alemanas, suizas;Salchichas;05 Carnes, aves y pescado;no
Sec 3A;52;Churros sin relleno;Empanadas y frituras de masa;Alimentos fritos y salados;no
Sec 3A;3007;Cabeza de res;Res;05 Carnes, aves y pescado;no
Sec 3A;7367;Dulce de piña;Dulces y golosinas;Dulces;no
Sec 3A;345;Pan de fruta;Fruta de pan;01 Cereales, raíces y tubérculos blancos, y plátanos;no
Sec 3A;6546;Mabí de Naranja;Jugos y mabí;Bebidas azucaradas;no
Sec 3A;6371;Pan de licor;Bizcochos y repostería;Dulces;no
Sec 3A;445;Hongos y champiñones enlatados;Otras hortalizas;09 Otras verduras;no
Sec 3A;480;Pan de batata;Pan blanco;01 Cereales, raíces y tubérculos blancos, y plátanos;no
Sec 3A;3589;Macarons;Bizcochos y repostería;Dulces;no
Sec 3A;119;Carne de pato;Pollo y otras aves;05 Carnes, aves y pescado;no
Sec 3A;449;Pepinillos encurtidos;Aceitunas y encurtidos;Condimentos y sazonadores;no
Sec 3A;5168;Pedazo de bizcocho de maíz;Bizcochos y repostería;Dulces;no
Sec 3A;6167;Jugo envasado de guineo;Jugos y mabí;Bebidas azucaradas;no
Sec 3A;3994;Manzana amarilla;Manzana;10 Otras frutas;no
Sec 3A;6447;Carne molida de ternera;Res;05 Carnes, aves y pescado;no
Sec 3A;2682;Jugo sin envasar de naranja;Jugos y mabí;Bebidas azucaradas;no
Sec 3A;450;Tomates en conserva o enlatados;Pasta y salsas de tomate;Condimentos y sazonadores;no
Sec 3A;3531;Pastelito de queso amarillo;Empanadas y frituras de masa;Alimentos fritos y salados;no
Sec 3A;5567;Asadura de pollo;Vísceras de pollo;05 Carnes, aves y pescado;no
Sec 3A;3508;Bizcocho envasado de zanahoria;Bizcochos y repostería;Dulces;no
Sec 3A;5871;Agua de coco envasada (coco rico);Agua de coco;Otras bebidas y alimentos;no
Sec 3A;7517;Quínoa;Otros feculentos;01 Cereales, raíces y tubérculos blancos, y plátanos;no
Sec 3A;3505;Bizcocho envasado de limón;Bizcochos y repostería;Dulces;no
Sec 3A;6250;Platos de frutas;Platos preparados;Otras bebidas y alimentos;no
Sec 3A;589;Refrescos de dieta;Refrescos y bebidas energéticas;Bebidas azucaradas;no
Sec 3A;3080;Vegetales mixtos empacados;Vegetales mixtos;09 Otras verduras;no
Sec 3A;597;Jugo concentrado de chinola;Jugos y mabí;Bebidas azucaradas;no
Sec 3A;422;Tomates chinos (cherry);Tomate;09 Otras verduras;no
Sec 3A;4261;Aceite de ajonjolí;Aceite vegetal;Aceites y grasas;no
Sec 3A;4400;Comino;Especias y hierbas de sazón;Condimentos y sazonadores;no
Sec 3A;2668;Café negro;Café;Otras bebidas y alimentos;no
Sec 3A;278;Boruga;Yogurt;04 Lácteos;no
Sec 3A;4404;Hoja de ruda;Infusiones y hierbas;Condimentos y sazonadores;no
Sec 3A;172;Jamón serrano;Jamón;05 Carnes, aves y pescado;no
Sec 3A;199;Guineas vivas;Pollo y otras aves;05 Carnes, aves y pescado;no
Sec 3A;580;Suplementos alimenticios balanceados en polvo (proteínas);Suplementos nutricionales;Otras bebidas y alimentos;no
Sec 3A;3136;Harina del negrito;Harina de trigo y trigo;01 Cereales, raíces y tubérculos blancos, y plátanos;no
Sec 3A;192;Patica de cerdo hervida;Cerdo;05 Carnes, aves y pescado;no
Sec 3A;6095;Empanada de yuca de res precocidas;Empanadas y frituras de masa;Alimentos fritos y salados;no
Sec 3A;5863;Vaso de yogurt;Yogurt;04 Lácteos;no
Sec 3A;4576;Churros con dulce de leche;Empanadas y frituras de masa;Alimentos fritos y salados;no
Sec 3A;2850;Batida de naranja con leche;Jugos y mabí;Bebidas azucaradas;no
Sec 3A;7377;Jugo envasado de pera-piña;Jugos y mabí;Bebidas azucaradas;no
Sec 3A;215;Banano;Pescado fresco;05 Carnes, aves y pescado;no
Sec 3A;2546;Pollo enlatado;Pollo y otras aves;05 Carnes, aves y pescado;no
Sec 3A;157;Carne de Chimichurri;Res;05 Carnes, aves y pescado;no
Sec 3A;646;Cerveza con niveles bajos de alcohol;Bebidas alcohólicas;Otras bebidas y alimentos;no
Sec 3A;416;Repollo chino;Lechuga y repollo;09 Otras verduras;no
Sec 3A;38;Dulces de harina rellenos;Dulces y golosinas;Dulces;no
Sec 3A;8877;Albondiga de res;Res;05 Carnes, aves y pescado;no
Sec 3A;187;Salchicha italiana;Salchichas;05 Carnes, aves y pescado;no
Sec 3A;7838;Alas de pollo;Pollo y otras aves;05 Carnes, aves y pescado;no
Sec 3A;500;Chocolate amargo;Dulces y golosinas;Dulces;no
Sec 3A;6455;Leche liquida pasteurizada (no UHT);Leche entera;04 Lácteos;no
Sec 3A;7837;Pan de puerro y cebolla;Pan blanco;01 Cereales, raíces y tubérculos blancos, y plátanos;no
Sec 3A;582;Café soluble instantáneo;Café;Otras bebidas y alimentos;no
Sec 3A;520;Hierbabuena;Especias y hierbas de sazón;Condimentos y sazonadores;no
Sec 3A;61;Harina de plátano;Otros feculentos;01 Cereales, raíces y tubérculos blancos, y plátanos;no
Sec 3A;7459;Nuggets de pollo crudo;Pollo y otras aves;05 Carnes, aves y pescado;no
Sec 3A;7839;Pechuga de pavo (Cruda);Pollo y otras aves;05 Carnes, aves y pescado;no
Sec 3A;8863;Dulce de tres leche;Leche condensada y dulce de leche;Dulces;no
Sec 3A;4824;Croissant relleno de queso;Bizcochos y repostería;Dulces;no
Sec 3A;7381;Jugo envasado de kiwi;Jugos y mabí;Bebidas azucaradas;no
Sec 3A;8872;Apio en conserva;Apio;09 Otras verduras;no
Sec 3A;6655;Pan yaniqueque;Empanadas y frituras de masa;Alimentos fritos y salados;no
Sec 3A;3520;Pulpa de frutas;Dulces y golosinas;Dulces;no
Sec 3A;3527;Pan de papa;Pan blanco;01 Cereales, raíces y tubérculos blancos, y plátanos;no
Sec 3A;175;Morcillas;Salami y embutidos;05 Carnes, aves y pescado;no
Sec 3A;151;Entresijo de cerdo;Vísceras de res y cerdo;05 Carnes, aves y pescado;no
Sec 3A;446;Maíz en mazorca envasado;Maíz tierno;01 Cereales, raíces y tubérculos blancos, y plátanos;no
Sec 3A;3584;Pescado trucha;Pescado fresco;05 Carnes, aves y pescado;no
Sec 3A;6444;Bizcocho tres leche entero;Bizcochos y repostería;Dulces;no
Sec 3A;2765;Carne de cerdo asada;Cerdo;05 Carnes, aves y pescado;no
Sec 3A;8611;Alas de pavo;Pollo y otras aves;05 Carnes, aves y pescado;no
Sec 3A;8460;Rabitos de harina blanca;Snacks salados;Alimentos fritos y salados;no
Sec 3A;3530;Pastelito de res;Empanadas y frituras de masa;Alimentos fritos y salados;no
Sec 3A;8779;Masa para empanada de yuca;Masas crudas de harina;01 Cereales, raíces y tubérculos blancos, y plátanos;no
Sec 3A;272;Queso manchego;Queso madurado;04 Lácteos;no
Sec 3A;8229;Licor saborizado;Bebidas alcohólicas;Otras bebidas y alimentos;no
Sec 3A;5665;Carne de pecho de vaca hervida;Res;05 Carnes, aves y pescado;no
Sec 3A;3905;Amaretto;Bebidas alcohólicas;Otras bebidas y alimentos;no
Sec 3A;227;Pulpo;Mariscos;05 Carnes, aves y pescado;no
Sec 3A;8869;Bollito de harina de maíz crudo;Pan y masas de maíz;01 Cereales, raíces y tubérculos blancos, y plátanos;no
Sec 3A;363;Coctel de Frutas en almíbar;Otras frutas;10 Otras frutas;no
Sec 3A;309;Manteca vegetal;Margarina, mantequilla y manteca;Aceites y grasas;no
Sec 3A;2615;Sopa de pollo;Platos preparados;Otras bebidas y alimentos;no
Sec 3A;266;Queso de soya;Bebida y derivados de soya;02 Legumbres;no
Sec 3A;5164;Dulce de cereza;Dulces y golosinas;Dulces;no
Sec 3A;81;Germen de trigo;Harina de trigo y trigo;01 Cereales, raíces y tubérculos blancos, y plátanos;no
Sec 3A;5337;Queso Azul;Queso madurado;04 Lácteos;no
Sec 3A;3581;Yogurt batido;Yogurt;04 Lácteos;no
Sec 3A;6994;Vino rosado servido;Bebidas alcohólicas;Otras bebidas y alimentos;no
Sec 3A;4920;Leche líquida con vainilla;Leche saborizada;04 Lácteos;no
Sec 3A;29;Polvorones;Bizcochos y repostería;Dulces;no
Sec 3A;627;Rones saborizados;Bebidas alcohólicas;Otras bebidas y alimentos;no
Sec 3A;6106;Pan de ajonjolí;Pan integral;01 Cereales, raíces y tubérculos blancos, y plátanos;no
Sec 3A;4403;Habichuela Yacomelo;Habichuelas y otras legumbres secas;02 Legumbres;no
Sec 3A;4668;Salchicha cocida;Salchichas;05 Carnes, aves y pescado;no
Sec 3A;2076;Tacos;Empanadas y frituras de masa;Alimentos fritos y salados;no
Sec 3A;5600;Filete de cerdo;Cerdo;05 Carnes, aves y pescado;no
Sec 3A;146;Lengua de cerdo;Vísceras de res y cerdo;05 Carnes, aves y pescado;no
Sec 3A;8876;Chuleta horneada de cerdo;Cerdo;05 Carnes, aves y pescado;no
Sec 3A;4669;Dulce de almendra;Dulces y golosinas;Dulces;no
Sec 3A;2785;Harina de maíz dulce;Harina y grano de maíz;01 Cereales, raíces y tubérculos blancos, y plátanos;no
Sec 3A;3500;Pan de avena;Pan integral;01 Cereales, raíces y tubérculos blancos, y plátanos;no
Sec 3A;4884;Perejil seco el polvo;Especias y hierbas de sazón;Condimentos y sazonadores;no
Sec 3A;567;Colorante vegetal;Sazones, vinagres y esencias;Condimentos y sazonadores;no
Sec 3A;4269;Mamón;Otras frutas;10 Otras frutas;no
Sec 3A;234;Mariscos en conserva;Mariscos;05 Carnes, aves y pescado;no
Sec 3A;574;Cremas de vegetales;Sopas deshidratadas;Otras bebidas y alimentos;no
Sec 3A;3526;Pan de cereal;Pan integral;01 Cereales, raíces y tubérculos blancos, y plátanos;no
Sec 3A;2710;Vino tinto servido;Bebidas alcohólicas;Otras bebidas y alimentos;no
Sec 3A;455;Puré de papa deshidratado o instantáneo;Otros feculentos;01 Cereales, raíces y tubérculos blancos, y plátanos;no
Sec 3A;5914;Granada (fruta);Otras frutas;10 Otras frutas;no
Sec 3A;6069;Costillas de chivo;Chivo;05 Carnes, aves y pescado;no
Sec 3A;6465;Pistacho;Maní, nueces y semillas;03 Nueces y semillas;no
Sec 3A;308;Manteca de cerdo;Margarina, mantequilla y manteca;Aceites y grasas;no
Sec 3A;252;Leche en polvo semidescremada;Leche en polvo;04 Lácteos;no
Sec 3A;5744;Majarete en polvo;Postres;Dulces;no
Sec 3A;141;Corazón de res;Vísceras de res y cerdo;05 Carnes, aves y pescado;no
Sec 3A;5790;Pan de linaza;Pan integral;01 Cereales, raíces y tubérculos blancos, y plátanos;no
Sec 3A;5835;Harina integral;Harina de trigo y trigo;01 Cereales, raíces y tubérculos blancos, y plátanos;no
Sec 3A;4369;Dulce de batata;Dulces y golosinas;Dulces;no
Sec 3A;4405;Hoja de sen;Infusiones y hierbas;Condimentos y sazonadores;no
Sec 3A;6302;Roquetas;Bizcochos y repostería;Dulces;no
Sec 3A;2702;Ron añejo servido;Bebidas alcohólicas;Otras bebidas y alimentos;no
Sec 3A;96;Cadera limpia;Res;05 Carnes, aves y pescado;no
Sec 3A;239;Salmón ahumado enlatado;Atún y pescado enlatado;05 Carnes, aves y pescado;no
Sec 3A;4888;Pescado sable;Pescado fresco;05 Carnes, aves y pescado;no
Sec 3A;636;Triculí;Bebidas alcohólicas;Otras bebidas y alimentos;no
Sec 3A;6559;Pescado puerco;Pescado fresco;05 Carnes, aves y pescado;no
Sec 3A;2685;Jugo sin envasar de tamarindo;Jugos y mabí;Bebidas azucaradas;no
Sec 3A;5907;Dulce de guayaba;Dulces y golosinas;Dulces;no
Sec 3A;6652;Manzana en conservas enlatadas;Manzana;10 Otras frutas;no
Sec 3A;6157;Albóndigas de pescado;Pescado fresco;05 Carnes, aves y pescado;no
Sec 3A;197;Patos vivos;Pollo y otras aves;05 Carnes, aves y pescado;no
Sec 3A;289;Huevos de codorniz;Huevos;06 Huevos;no
Sec 3A;3022;Empanada de vegetales;Empanadas y frituras de masa;Alimentos fritos y salados;no
Sec 3A;2180;Empanadas con queso y pollo;Empanadas y frituras de masa;Alimentos fritos y salados;no
Sec 3A;2671;Jugo de avena;Jugos y mabí;Bebidas azucaradas;no
Sec 3A;2311;Pañales desechables para niños;No alimento;No alimento;no
Sec 3A;5741;Yogurt orgánico;Yogurt;04 Lácteos;no
Sec 3A;406;Brócolis y coliflores congelados;Otras hortalizas;09 Otras verduras;no
Sec 3A;1310;Fósforos;No alimento;No alimento;no
Sec 3A;142;Lengua de res;Vísceras de res y cerdo;05 Carnes, aves y pescado;no
Sec 3A;5441;Empanada huevo y salami;Empanadas y frituras de masa;Alimentos fritos y salados;no
Sec 3A;2887;Avena preparada;Avena;01 Cereales, raíces y tubérculos blancos, y plátanos;no
Sec 3A;2667;Agua de coco servida;Agua de coco;Otras bebidas y alimentos;no
Sec 3A;6746;Extracto de almendra;Sazones, vinagres y esencias;Condimentos y sazonadores;no
Sec 3A;304;Margarina dietética;Margarina, mantequilla y manteca;Aceites y grasas;no
Sec 3A;5852;Empanada de huevo, queso y jamón;Empanadas y frituras de masa;Alimentos fritos y salados;no
Sec 3A;5405;Mariscada;Platos preparados;Otras bebidas y alimentos;no
Sec 3A;3578;Pedazo de Bizcocho de albaricoque;Bizcochos y repostería;Dulces;no
Sec 3A;2179;Empanadas completas (pollo, queso, jamón, vegetales);Empanadas y frituras de masa;Alimentos fritos y salados;no
Sec 3A;2665;Agua purificada servida (Dasani, Planeta Azul y similares);Agua;Otras bebidas y alimentos;no
Sec 3A;3591;Brownies;Bizcochos y repostería;Dulces;no
Sec 3A;6743;Caimito;Otras frutas;10 Otras frutas;no
Sec 3A;492;Malteada (helados);Helados;Dulces;no
Sec 3A;5717;Casabe con maní;Cazabe;01 Cereales, raíces y tubérculos blancos, y plátanos;no
Sec 3A;2181;Empanadas de huevos;Empanadas y frituras de masa;Alimentos fritos y salados;no
Sec 3A;5671;Dona de chocolate;Bizcochos y repostería;Dulces;no
Sec 3A;6453;Leche descremada liquida sin lactosa;Leche descremada y semidescremada;04 Lácteos;no
Sec 3A;3190;Pan de yuca;Cazabe;01 Cereales, raíces y tubérculos blancos, y plátanos;no
Sec 3A;2673;Jugo sin envasar de cereza;Jugos y mabí;Bebidas azucaradas;no
Sec 3A;6958;Mabí de naranja con piña;Jugos y mabí;Bebidas azucaradas;no
Sec 3A;6369;Helado de fresa, ron pasa y bizcocho;Helados;Dulces;no
Sec 3A;3570;Catibia de res;Empanadas y frituras de masa;Alimentos fritos y salados;no
Sec 3A;8244;Semillas de girasol;Maní, nueces y semillas;03 Nueces y semillas;no
Sec 3A;6580;Mabí de cereza;Jugos y mabí;Bebidas azucaradas;no
Sec 3A;3961;Macarrones con queso;Platos preparados;Otras bebidas y alimentos;no
Sec 3A;6461;Flan de leche en cajita;Postres;Dulces;no
Sec 3A;6033;Masa para pizza;Masas crudas de harina;01 Cereales, raíces y tubérculos blancos, y plátanos;no
Sec 3A;541;Mayonesa;Mayonesa y aderezos;Aceites y grasas;no
Sec 3A;554;Vinagre dorado;Sazones, vinagres y esencias;Condimentos y sazonadores;no
Sec 3A;3506;Bizcocho envasado de vainilla;Bizcochos y repostería;Dulces;no
Sec 3A;620;Jugo de frutas en polvo;Bebidas en polvo azucaradas;Bebidas azucaradas;no
Sec 3A;432;Ensalada cruda (Varias hortalizas);Vegetales mixtos;09 Otras verduras;no
