orden;entregable;tdr;situacion;fecha_compromiso;falta;avance_pct
1;Análisis preliminar de las Secciones 2 y 3A;4.1 a 4.3;Entregado;;Incorporar la respuesta a los comentarios de revisión;100
2;Código R del análisis preliminar;7;Entregado;;;100
3;Análisis demográfico y socioeconómico con Equivalente de Mujer Adulta;8.2;Entregado;;;100
4;Cobertura y consumo de alimentos fortificables;8.1;En revisión;2026-10-14;Mapas provinciales;95
5;Ingesta de micronutrientes y riesgo de ingesta inadecuada;8.3;En revisión;2026-10-16;Valores de referencia definitivos y supuesto de biodisponibilidad del hierro;85
6;Análisis por grupos de alimentos;8.4;En revisión;2026-10-16;Aporte de cada grupo a los micronutrientes;70
7;Mapas y visualizaciones;8.5;Programado;2026-10-17;Mapas bivariados de cobertura y consumo, y mapas coropléticos de riesgo por provincia;40
8;Informe analítico final;7 y 8;En revisión;2026-10-21;Redacción final, verificación de cifras y referencias;60
9;Manual técnico de metodología y procedimientos;18;Programado;2026-10-22;Supuestos, procedimientos y referencias en documento propio;25
10;Módulos de capacitación y plataforma e-learning;9 a 17;En revisión;2026-10-23;Sustituir los datos simulados del tema 5 por resultados reales de la ENGIH; unidades de R aplicado; presentaciones y videos de los módulos restantes;60
