percentil;requerimiento_mg;fuente;estado
2.5;4.42;IOM, mujeres de 19 a 30 años, 18% de biodisponibilidad;provisional
5;4.88;IOM, mujeres de 19 a 30 años, 18% de biodisponibilidad;provisional
10;5.45;IOM, mujeres de 19 a 30 años, 18% de biodisponibilidad;provisional
20;6.22;IOM, mujeres de 19 a 30 años, 18% de biodisponibilidad;provisional
30;6.87;IOM, mujeres de 19 a 30 años, 18% de biodisponibilidad;provisional
40;7.46;IOM, mujeres de 19 a 30 años, 18% de biodisponibilidad;provisional
50;8.07;IOM, mujeres de 19 a 30 años, 18% de biodisponibilidad;provisional
60;8.76;IOM, mujeres de 19 a 30 años, 18% de biodisponibilidad;provisional
70;9.63;IOM, mujeres de 19 a 30 años, 18% de biodisponibilidad;provisional
80;10.82;IOM, mujeres de 19 a 30 años, 18% de biodisponibilidad;provisional
90;13.05;IOM, mujeres de 19 a 30 años, 18% de biodisponibilidad;provisional
95;15.49;IOM, mujeres de 19 a 30 años, 18% de biodisponibilidad;provisional
97.5;18.23;IOM, mujeres de 19 a 30 años, 18% de biodisponibilidad;provisional
