vehiculo;nutriente;compuesto;nivel_min;nivel_max;unidad;instrumento;numeral;obligatorio;vigente_2018;origen_dato;estado;nota
Sal;yodo;yodato de sodio o de potasio;20;50;mg/kg;NORDOM 14 (4.a rev. 2017);Tabla 2;si;si;norma;verificado;Programa obligatorio desde 1994 segun el ministerio. No se consulto la revision de 2001, vigente al inicio de 2018.
Sal;fluor;;200;250;mg/kg;NORDOM 14 (4.a rev. 2017);Tabla 2;si;si;norma;verificado;Prohibida donde el agua supera 0,7 ppm de fluor.
Azúcar;vitamina_a;palmitato de retinol;10;25;mg/kg;NORDOM 602 (2004);Numeral 5;si;por_confirmar;norma;verificado;Oficializada como obligatoria (Resolucion 03/2004). No figura en la lista de alimentos fortificados del ministerio: aplicacion efectiva sin confirmar.
Harina de trigo;hierro;fumarato ferroso;55;;mg/kg;RTD 616;4.7.1;si;si;"presentacion del ministerio (marzo 2026); NORDOM 75 tabla 4";concordante_en_dos_fuentes;Texto del RTD 616 no consultado.
Harina de trigo;tiamina;;6.2;;mg/kg;RTD 616;4.7.1;si;si;"presentacion del ministerio (marzo 2026); NORDOM 75 tabla 4";concordante_en_dos_fuentes;
Harina de trigo;riboflavina;;4.2;;mg/kg;RTD 616;4.7.1;si;si;"presentacion del ministerio (marzo 2026); NORDOM 75 tabla 4";concordante_en_dos_fuentes;
Harina de trigo;niacina;;55;;mg/kg;RTD 616;4.7.1;si;si;"presentacion del ministerio (marzo 2026); NORDOM 75 tabla 4";concordante_en_dos_fuentes;
Harina de trigo;acido_folico;;1.8;;mg/kg;RTD 616;4.7.1;si;si;"presentacion del ministerio (marzo 2026); NORDOM 75 tabla 4";concordante_en_dos_fuentes;Acido folico sintetico: 1 ug equivale a 1,7 ug DFE.
Harina de trigo;vitamina_a;;10000;;UI/kg;NORDOM 75 (1.a rev. 2010);Tabla 4;por_confirmar;por_confirmar;norma;discrepancia;Figura en la NORDOM 75 y no en el extracto del RTD 616. No usar hasta consultar el RTD.
Harina de maíz;hierro;fumarato ferroso;60;;por_confirmar;RTD 334;5.5.1;si;por_confirmar;presentacion del ministerio (marzo 2026);pendiente_texto_norma;La lamina dice mg/100 y a la vez 88 mg de fumarato por kg (unos 29 mg de hierro): unidades inconsistentes.
Harina de maíz;tiamina;;6.2;;por_confirmar;RTD 334;5.5.1;si;por_confirmar;presentacion del ministerio (marzo 2026);pendiente_texto_norma;
Harina de maíz;riboflavina;;4.0;;por_confirmar;RTD 334;5.5.1;si;por_confirmar;presentacion del ministerio (marzo 2026);pendiente_texto_norma;
Harina de maíz;niacina;;55;;por_confirmar;RTD 334;5.5.1;si;por_confirmar;presentacion del ministerio (marzo 2026);pendiente_texto_norma;
Harina de maíz;piridoxina;clorhidrato de piridoxina;6.8;;por_confirmar;RTD 334;5.5.1;si;por_confirmar;presentacion del ministerio (marzo 2026);pendiente_texto_norma;
Harina de maíz;acido_folico;;1.8;;por_confirmar;RTD 334;5.5.1;si;por_confirmar;presentacion del ministerio (marzo 2026);pendiente_texto_norma;
Harina de maíz;vitamina_a;;1300;;UI (base por confirmar);RTD 334;5.5.1;si;por_confirmar;presentacion del ministerio (marzo 2026);pendiente_texto_norma;"La lamina da 1300 UI como 0,0325 mg; la equivalencia no cuadra."
Harina de maíz;vitamina_e;;600;;UI (base por confirmar);RTD 334;5.5.1;si;por_confirmar;presentacion del ministerio (marzo 2026);pendiente_texto_norma;
Arroz;hierro;;24;;mg/kg;Propuesta de reglamento tecnico de arroz fortificado;Extracto;propuesta;no;presentacion del ministerio (marzo 2026);tomado_de_presentacion;"En 2018 el reglamento estaba en elaboracion; el arroz no se fortificaba."
Arroz;zinc;;25;;mg/kg;Propuesta de reglamento tecnico de arroz fortificado;Extracto;propuesta;no;presentacion del ministerio (marzo 2026);tomado_de_presentacion;
Arroz;tiamina;;6.0;;mg/kg;Propuesta de reglamento tecnico de arroz fortificado;Extracto;propuesta;no;presentacion del ministerio (marzo 2026);tomado_de_presentacion;
Arroz;niacina;;50;;mg/kg;Propuesta de reglamento tecnico de arroz fortificado;Extracto;propuesta;no;presentacion del ministerio (marzo 2026);tomado_de_presentacion;
Arroz;piridoxina;;4;;mg/kg;Propuesta de reglamento tecnico de arroz fortificado;Extracto;propuesta;no;presentacion del ministerio (marzo 2026);tomado_de_presentacion;
Arroz;acido_folico;;1.8;;mg/kg;Propuesta de reglamento tecnico de arroz fortificado;Extracto;propuesta;no;presentacion del ministerio (marzo 2026);tomado_de_presentacion;La lamina dice folato.
Arroz;vitamina_b12;;0.01;;mg/kg;Propuesta de reglamento tecnico de arroz fortificado;Extracto;propuesta;no;presentacion del ministerio (marzo 2026);tomado_de_presentacion;10 ug/kg.
Avena;hierro, acido folico, complejo B, calcio;;;;;Sin norma de fortificacion (NORDOM 281 la permite);;no;por_confirmar;presentacion del ministerio (marzo 2026);tomado_de_presentacion;"Fortificacion voluntaria en algunas marcas; sin niveles establecidos."
Aceite;vitamina_a;;;;;Sin instrumento identificado;;no;no;presentacion del ministerio (marzo 2026);tomado_de_presentacion;"No figura entre los alimentos fortificados; no se modela."
